CREATE DATABASE  IF NOT EXISTS `whistlehub` /*!40100 DEFAULT CHARACTER SET utf8mb4 COLLATE utf8mb4_unicode_ci */ /*!80016 DEFAULT ENCRYPTION='N' */;
USE `whistlehub`;
-- MySQL dump 10.13  Distrib 8.0.40, for Win64 (x86_64)
--
-- Host: j12c104.p.ssafy.io    Database: whistlehub
-- ------------------------------------------------------
-- Server version	9.2.0

/*!40101 SET @OLD_CHARACTER_SET_CLIENT=@@CHARACTER_SET_CLIENT */;
/*!40101 SET @OLD_CHARACTER_SET_RESULTS=@@CHARACTER_SET_RESULTS */;
/*!40101 SET @OLD_COLLATION_CONNECTION=@@COLLATION_CONNECTION */;
/*!50503 SET NAMES utf8 */;
/*!40103 SET @OLD_TIME_ZONE=@@TIME_ZONE */;
/*!40103 SET TIME_ZONE='+00:00' */;
/*!40014 SET @OLD_UNIQUE_CHECKS=@@UNIQUE_CHECKS, UNIQUE_CHECKS=0 */;
/*!40014 SET @OLD_FOREIGN_KEY_CHECKS=@@FOREIGN_KEY_CHECKS, FOREIGN_KEY_CHECKS=0 */;
/*!40101 SET @OLD_SQL_MODE=@@SQL_MODE, SQL_MODE='NO_AUTO_VALUE_ON_ZERO' */;
/*!40111 SET @OLD_SQL_NOTES=@@SQL_NOTES, SQL_NOTES=0 */;

--
-- Table structure for table `comment`
--

DROP TABLE IF EXISTS `comment`;
/*!40101 SET @saved_cs_client     = @@character_set_client */;
/*!50503 SET character_set_client = utf8mb4 */;
CREATE TABLE `comment` (
  `comment_id` int NOT NULL AUTO_INCREMENT,
  `created_at` varchar(255) COLLATE utf8mb4_unicode_ci DEFAULT NULL,
  `updated_at` varchar(255) COLLATE utf8mb4_unicode_ci DEFAULT NULL,
  `comment` varchar(100) COLLATE utf8mb4_unicode_ci NOT NULL,
  `member_id` int NOT NULL,
  `track_id` int NOT NULL,
  PRIMARY KEY (`comment_id`),
  KEY `FKmrrrpi513ssu63i2783jyiv9m` (`member_id`),
  KEY `FKgvmrwo2ndvaej7ihhllxgemr2` (`track_id`),
  CONSTRAINT `FKgvmrwo2ndvaej7ihhllxgemr2` FOREIGN KEY (`track_id`) REFERENCES `track` (`track_id`),
  CONSTRAINT `FKmrrrpi513ssu63i2783jyiv9m` FOREIGN KEY (`member_id`) REFERENCES `member` (`member_id`)
) ENGINE=InnoDB AUTO_INCREMENT=6 DEFAULT CHARSET=utf8mb4 COLLATE=utf8mb4_unicode_ci;
/*!40101 SET character_set_client = @saved_cs_client */;

--
-- Dumping data for table `comment`
--

LOCK TABLES `comment` WRITE;
/*!40000 ALTER TABLE `comment` DISABLE KEYS */;
INSERT INTO `comment` VALUES (1,'2025-04-09T17:42:52.126960728',NULL,'쌈@뽕하다!',3,85),(2,'2025-04-09T17:52:21.132578408',NULL,'I Like it!',7,83),(3,'2025-04-10T20:18:01.728540662',NULL,'정말 제 취향이에요!',5,81),(4,'2025-04-11T08:57:26.245888768',NULL,'Wow~~ AWESOME',3,47),(5,'2025-04-11T08:58:16.540082717',NULL,'좋은 소스 감사합니다 ^^',5,47);
/*!40000 ALTER TABLE `comment` ENABLE KEYS */;
UNLOCK TABLES;

--
-- Table structure for table `follow`
--

DROP TABLE IF EXISTS `follow`;
/*!40101 SET @saved_cs_client     = @@character_set_client */;
/*!50503 SET character_set_client = utf8mb4 */;
CREATE TABLE `follow` (
  `follow_id` int NOT NULL AUTO_INCREMENT,
  `created_at` varchar(255) COLLATE utf8mb4_unicode_ci DEFAULT NULL,
  `updated_at` varchar(255) COLLATE utf8mb4_unicode_ci DEFAULT NULL,
  `from_member_id` int NOT NULL,
  `to_member_id` int NOT NULL,
  PRIMARY KEY (`follow_id`),
  KEY `FKihjspg8lwuxxwo2lyjupy01wh` (`from_member_id`),
  KEY `FKr3ok8t5vaple10dt0ufw9bmj0` (`to_member_id`),
  CONSTRAINT `FKihjspg8lwuxxwo2lyjupy01wh` FOREIGN KEY (`from_member_id`) REFERENCES `member` (`member_id`),
  CONSTRAINT `FKr3ok8t5vaple10dt0ufw9bmj0` FOREIGN KEY (`to_member_id`) REFERENCES `member` (`member_id`)
) ENGINE=InnoDB AUTO_INCREMENT=49 DEFAULT CHARSET=utf8mb4 COLLATE=utf8mb4_unicode_ci;
/*!40101 SET character_set_client = @saved_cs_client */;

--
-- Dumping data for table `follow`
--

LOCK TABLES `follow` WRITE;
/*!40000 ALTER TABLE `follow` DISABLE KEYS */;
INSERT INTO `follow` VALUES (1,'2025-04-09T15:35:21.488753223',NULL,7,1),(2,'2025-04-09T15:48:20.277868205',NULL,5,1),(3,'2025-04-09T15:48:40.422473744',NULL,5,2),(4,'2025-04-09T15:48:43.342931606',NULL,5,6),(5,'2025-04-09T15:50:27.503782223',NULL,5,3),(6,'2025-04-09T15:50:31.621494891',NULL,5,7),(7,'2025-04-09T15:50:33.955764588',NULL,5,4),(8,'2025-04-09T15:50:37.933687416',NULL,5,8),(9,'2025-04-09T16:03:18.640585711',NULL,7,5),(10,'2025-04-09T17:42:01.014214017',NULL,3,1),(11,'2025-04-09T17:43:16.911835434',NULL,3,5),(12,'2025-04-09T17:49:55.133623612',NULL,7,2),(13,'2025-04-09T18:59:28.976394772',NULL,6,1),(14,'2025-04-09T22:07:24.185644760',NULL,9,1),(37,NULL,NULL,1,6),(38,NULL,NULL,3,6),(39,NULL,NULL,4,6),(40,NULL,NULL,5,6),(41,NULL,NULL,7,6),(42,NULL,NULL,8,6),(43,NULL,NULL,9,6),(44,NULL,NULL,10,6),(46,'2025-04-10T15:54:50.296336079',NULL,11,1),(48,'2025-04-10T20:21:03.633209848',NULL,8,1);
/*!40000 ALTER TABLE `follow` ENABLE KEYS */;
UNLOCK TABLES;

--
-- Table structure for table `hate`
--

DROP TABLE IF EXISTS `hate`;
/*!40101 SET @saved_cs_client     = @@character_set_client */;
/*!50503 SET character_set_client = utf8mb4 */;
CREATE TABLE `hate` (
  `created_at` varchar(255) COLLATE utf8mb4_unicode_ci DEFAULT NULL,
  `updated_at` varchar(255) COLLATE utf8mb4_unicode_ci DEFAULT NULL,
  `member_id` int NOT NULL,
  `track_id` int NOT NULL,
  PRIMARY KEY (`member_id`,`track_id`),
  KEY `FKmj45o3mbs1ah0qbymwqbseae` (`track_id`),
  CONSTRAINT `FKmj45o3mbs1ah0qbymwqbseae` FOREIGN KEY (`track_id`) REFERENCES `track` (`track_id`),
  CONSTRAINT `FKouhvrlsqpgy28hlpdyafoa092` FOREIGN KEY (`member_id`) REFERENCES `member` (`member_id`)
) ENGINE=InnoDB DEFAULT CHARSET=utf8mb4 COLLATE=utf8mb4_unicode_ci;
/*!40101 SET character_set_client = @saved_cs_client */;

--
-- Dumping data for table `hate`
--

LOCK TABLES `hate` WRITE;
/*!40000 ALTER TABLE `hate` DISABLE KEYS */;
/*!40000 ALTER TABLE `hate` ENABLE KEYS */;
UNLOCK TABLES;

--
-- Table structure for table `layer`
--

DROP TABLE IF EXISTS `layer`;
/*!40101 SET @saved_cs_client     = @@character_set_client */;
/*!50503 SET character_set_client = utf8mb4 */;
CREATE TABLE `layer` (
  `layer_id` int NOT NULL AUTO_INCREMENT,
  `created_at` varchar(255) COLLATE utf8mb4_unicode_ci DEFAULT NULL,
  `updated_at` varchar(255) COLLATE utf8mb4_unicode_ci DEFAULT NULL,
  `bars` varchar(255) COLLATE utf8mb4_unicode_ci DEFAULT NULL,
  `blocked` bit(1) NOT NULL,
  `instrument_type` int DEFAULT NULL,
  `modification` json DEFAULT NULL,
  `name` varchar(255) COLLATE utf8mb4_unicode_ci NOT NULL,
  `layer_file_id` int DEFAULT NULL,
  `track_id` int NOT NULL,
  PRIMARY KEY (`layer_id`),
  KEY `FKhx9dkv3da4pu7upjh2ac59c5o` (`layer_file_id`),
  KEY `FKsd81a4gmwf5im2s7xkusnvck1` (`track_id`),
  CONSTRAINT `FKhx9dkv3da4pu7upjh2ac59c5o` FOREIGN KEY (`layer_file_id`) REFERENCES `layer_file` (`layer_file_id`),
  CONSTRAINT `FKsd81a4gmwf5im2s7xkusnvck1` FOREIGN KEY (`track_id`) REFERENCES `track` (`track_id`)
) ENGINE=InnoDB AUTO_INCREMENT=141 DEFAULT CHARSET=utf8mb4 COLLATE=utf8mb4_unicode_ci;
/*!40101 SET character_set_client = @saved_cs_client */;

--
-- Dumping data for table `layer`
--

LOCK TABLES `layer` WRITE;
/*!40000 ALTER TABLE `layer` DISABLE KEYS */;
INSERT INTO `layer` VALUES (1,'2025-04-09T14:57:03.909027987',NULL,NULL,_binary '\0',8,NULL,'layer',1,1),(2,'2025-04-09T14:57:06.366898302',NULL,NULL,_binary '\0',8,NULL,'layer',2,2),(3,'2025-04-09T14:57:08.940403542',NULL,NULL,_binary '\0',8,NULL,'layer',3,3),(4,'2025-04-09T14:57:11.260936893',NULL,NULL,_binary '\0',8,NULL,'layer',4,4),(5,'2025-04-09T14:57:13.173691447',NULL,NULL,_binary '\0',3,NULL,'layer',5,5),(6,'2025-04-09T14:57:15.662071560',NULL,NULL,_binary '\0',6,NULL,'layer',6,6),(7,'2025-04-09T14:57:17.285724142',NULL,NULL,_binary '\0',3,NULL,'layer',7,7),(8,'2025-04-09T14:57:19.266306054',NULL,NULL,_binary '\0',3,NULL,'layer',8,8),(9,'2025-04-09T14:57:21.540950830',NULL,NULL,_binary '\0',7,NULL,'layer',9,9),(10,'2025-04-09T14:57:23.775170177',NULL,NULL,_binary '\0',7,NULL,'layer',10,10),(11,'2025-04-09T14:57:26.265990443',NULL,NULL,_binary '\0',7,NULL,'layer',11,11),(12,'2025-04-09T14:57:28.485722971',NULL,NULL,_binary '\0',3,NULL,'layer',12,12),(13,'2025-04-09T14:57:30.720678046',NULL,NULL,_binary '\0',3,NULL,'layer',13,13),(14,'2025-04-09T14:57:33.056744045',NULL,NULL,_binary '\0',8,NULL,'layer',14,14),(15,'2025-04-09T14:57:34.993697007',NULL,NULL,_binary '\0',6,NULL,'layer',15,15),(16,'2025-04-09T14:57:36.824405149',NULL,NULL,_binary '\0',5,NULL,'layer',16,16),(17,'2025-04-09T14:57:38.993085623',NULL,NULL,_binary '\0',4,NULL,'layer',17,17),(18,'2025-04-09T14:57:41.456160792',NULL,NULL,_binary '\0',2,NULL,'layer',18,18),(19,'2025-04-09T14:57:43.783025719',NULL,NULL,_binary '\0',2,NULL,'layer',19,19),(20,'2025-04-09T14:57:45.966533483',NULL,NULL,_binary '\0',2,NULL,'layer',20,20),(21,'2025-04-09T14:57:47.747414544',NULL,NULL,_binary '\0',5,NULL,'layer',21,21),(22,'2025-04-09T14:57:49.373037317',NULL,NULL,_binary '\0',5,NULL,'layer',22,22),(23,'2025-04-09T14:57:51.066701268',NULL,NULL,_binary '\0',4,NULL,'layer',23,23),(24,'2025-04-09T14:57:52.664155377',NULL,NULL,_binary '\0',8,NULL,'layer',24,24),(25,'2025-04-09T14:57:54.993704676',NULL,NULL,_binary '\0',3,NULL,'layer',25,25),(26,'2025-04-09T14:57:56.534072294',NULL,NULL,_binary '\0',5,NULL,'layer',26,26),(27,'2025-04-09T14:57:58.187245968',NULL,NULL,_binary '\0',6,NULL,'layer',27,27),(28,'2025-04-09T14:58:01.651119267',NULL,NULL,_binary '\0',3,NULL,'layer',28,28),(29,'2025-04-09T14:58:03.410011015',NULL,NULL,_binary '\0',4,NULL,'layer',29,29),(30,'2025-04-09T14:58:05.051916958',NULL,NULL,_binary '\0',4,NULL,'layer',30,30),(31,'2025-04-09T14:58:06.980504424',NULL,NULL,_binary '\0',4,NULL,'layer',31,31),(32,'2025-04-09T14:58:08.821364349',NULL,NULL,_binary '\0',8,NULL,'layer',32,32),(33,'2025-04-09T14:58:10.637958875',NULL,NULL,_binary '\0',4,NULL,'layer',33,33),(34,'2025-04-09T14:58:12.274470734',NULL,NULL,_binary '\0',4,NULL,'layer',34,34),(35,'2025-04-09T14:58:13.991560132',NULL,NULL,_binary '\0',4,NULL,'layer',35,35),(36,'2025-04-09T14:58:15.776835048',NULL,NULL,_binary '\0',8,NULL,'layer',36,36),(37,'2025-04-09T14:58:17.480366269',NULL,NULL,_binary '\0',4,NULL,'layer',37,37),(38,'2025-04-09T14:58:19.158763492',NULL,NULL,_binary '\0',4,NULL,'layer',38,38),(39,'2025-04-09T14:58:20.948105268',NULL,NULL,_binary '\0',4,NULL,'layer',39,39),(40,'2025-04-09T14:58:23.183310163',NULL,NULL,_binary '\0',8,NULL,'layer',40,40),(41,'2025-04-09T14:58:25.253830741',NULL,NULL,_binary '\0',8,NULL,'layer',41,41),(42,'2025-04-09T14:58:26.970836854',NULL,NULL,_binary '\0',2,NULL,'layer',42,42),(43,'2025-04-09T14:58:29.383011',NULL,NULL,_binary '\0',8,NULL,'layer',43,43),(44,'2025-04-09T14:58:31.570591041',NULL,NULL,_binary '\0',8,NULL,'layer',44,44),(45,'2025-04-09T14:58:33.235912330',NULL,NULL,_binary '\0',8,NULL,'layer',45,45),(46,'2025-04-09T14:58:36.202522753',NULL,NULL,_binary '\0',5,NULL,'layer',46,46),(47,'2025-04-09T14:58:38.216311715',NULL,NULL,_binary '\0',6,NULL,'layer',47,47),(48,'2025-04-09T14:58:40.376115527',NULL,NULL,_binary '\0',8,NULL,'layer',48,48),(49,'2025-04-09T14:58:42.738578312',NULL,NULL,_binary '\0',7,NULL,'layer',49,49),(50,'2025-04-09T14:58:45.337527333',NULL,NULL,_binary '\0',7,NULL,'layer',50,50),(51,'2025-04-09T14:58:47.667362895',NULL,NULL,_binary '\0',3,NULL,'layer',51,51),(52,'2025-04-09T14:58:50.253677802',NULL,NULL,_binary '\0',3,NULL,'layer',52,52),(53,'2025-04-09T14:58:52.697635713',NULL,NULL,_binary '\0',8,NULL,'layer',53,53),(54,'2025-04-09T14:58:55.012002753',NULL,NULL,_binary '\0',8,NULL,'layer',54,54),(55,'2025-04-09T14:58:57.122150648',NULL,NULL,_binary '\0',8,NULL,'layer',55,55),(56,'2025-04-09T14:58:59.623486270',NULL,NULL,_binary '\0',5,NULL,'layer',56,56),(57,'2025-04-09T14:59:02.034619846',NULL,NULL,_binary '\0',8,NULL,'layer',57,57),(58,'2025-04-09T14:59:04.367579095',NULL,NULL,_binary '\0',8,NULL,'layer',58,58),(59,'2025-04-09T14:59:06.076693782',NULL,NULL,_binary '\0',4,NULL,'layer',59,59),(60,'2025-04-09T14:59:08.275885726',NULL,NULL,_binary '\0',7,NULL,'layer',60,60),(61,'2025-04-09T14:59:10.316963857',NULL,NULL,_binary '\0',5,NULL,'layer',61,61),(62,'2025-04-09T14:59:12.521429485',NULL,NULL,_binary '\0',5,NULL,'layer',62,62),(63,'2025-04-09T14:59:14.676783702',NULL,NULL,_binary '\0',3,NULL,'layer',63,63),(64,'2025-04-09T14:59:16.316184006',NULL,NULL,_binary '\0',8,NULL,'layer',64,64),(65,'2025-04-09T14:59:18.163335387',NULL,NULL,_binary '\0',8,NULL,'layer',65,65),(66,'2025-04-09T14:59:19.585822258',NULL,NULL,_binary '\0',4,NULL,'layer',66,66),(67,'2025-04-09T14:59:21.636367938',NULL,NULL,_binary '\0',4,NULL,'layer',67,67),(68,'2025-04-09T14:59:23.896371859',NULL,NULL,_binary '\0',3,NULL,'layer',68,68),(69,'2025-04-09T14:59:25.948008758',NULL,NULL,_binary '\0',7,NULL,'layer',69,69),(70,'2025-04-09T14:59:29.375964867',NULL,NULL,_binary '\0',7,NULL,'layer',70,70),(71,'2025-04-09T14:59:31.583581250',NULL,NULL,_binary '\0',8,NULL,'layer',71,71),(72,'2025-04-09T14:59:33.484266737',NULL,NULL,_binary '\0',8,NULL,'layer',72,72),(73,'2025-04-09T14:59:35.602428991',NULL,NULL,_binary '\0',4,NULL,'layer',73,73),(74,'2025-04-09T14:59:37.593169918',NULL,NULL,_binary '\0',8,NULL,'layer',74,74),(75,'2025-04-09T14:59:39.330035306',NULL,NULL,_binary '\0',5,NULL,'layer',75,75),(76,'2025-04-09T14:59:41.959791491',NULL,NULL,_binary '\0',5,NULL,'layer',76,76),(77,'2025-04-09T14:59:43.620950072',NULL,NULL,_binary '\0',6,NULL,'layer',77,77),(78,'2025-04-09T14:59:45.741825155',NULL,NULL,_binary '\0',6,NULL,'layer',78,78),(79,'2025-04-09T14:59:48.115004320',NULL,NULL,_binary '\0',0,NULL,'layer',79,79),(80,'2025-04-09T14:59:49.684942350',NULL,NULL,_binary '\0',6,NULL,'layer',80,80),(81,'2025-04-09T14:59:51.421572156',NULL,NULL,_binary '\0',6,NULL,'layer',81,81),(82,'2025-04-09T14:59:53.590103663',NULL,NULL,_binary '\0',5,NULL,'layer',82,82),(83,'2025-04-09T14:59:56.047800786',NULL,NULL,_binary '\0',8,NULL,'layer',83,83),(84,'2025-04-09T16:06:39.482317593',NULL,'0',_binary '\0',8,NULL,'ZEN SHAV arp loop unfazed',84,84),(85,'2025-04-09T16:06:39.598030309',NULL,'0',_binary '\0',4,NULL,'SC breathing brushes',85,84),(86,'2025-04-09T16:06:39.713248795',NULL,'0',_binary '\0',8,NULL,'KMRBI RHS5 stack loop wall',86,84),(87,'2025-04-09T16:06:39.866359246',NULL,'0',_binary '\0',8,NULL,'KMRBI RHS5 stack loop clouds',87,84),(88,'2025-04-09T17:41:25.892344481',NULL,'0',_binary '\0',6,NULL,'AU ARG2 loop freak me',88,85),(89,'2025-04-09T17:41:25.951726334',NULL,'0',_binary '\0',4,NULL,'SC tight slowcore',89,85),(90,'2025-04-09T17:41:26.096821374',NULL,'0',_binary '\0',8,NULL,'KMRBI RHS5 stack loop wall',90,85),(91,'2025-04-09T17:41:26.194115692',NULL,'0',_binary '\0',8,NULL,'KMRBI RHS5 stack loop clouds',91,85),(92,'2025-04-09T19:53:15.321217715',NULL,'0',_binary '\0',8,NULL,'ZEN SHAV arp loop unfazed',92,94),(93,'2025-04-09T19:53:15.438983861',NULL,'0',_binary '\0',5,NULL,'ZEN CRK loop undertone',93,94),(94,'2025-04-09T20:03:18.551887116',NULL,'0',_binary '\0',5,NULL,'T TSSND loop confetti',94,95),(95,'2025-04-09T20:03:18.677297406',NULL,'0',_binary '\0',8,NULL,'SOULSURPLUS ivory melodic loop rnb bpm',95,95),(96,'2025-04-09T20:25:46.140315903',NULL,'0,9',_binary '\0',8,NULL,'ZEN SHAV arp loop unfazed',96,96),(97,'2025-04-09T20:32:34.742234587',NULL,'0',_binary '\0',5,NULL,'T TSSND loop confetti',97,98),(98,'2025-04-09T20:32:34.818232449',NULL,'0',_binary '\0',0,NULL,'ABCD',98,98),(99,'2025-04-10T10:19:20.792959949',NULL,'0',_binary '\0',4,NULL,'DD BWJAZZ groove syncopated ride hat pedal',99,99),(100,'2025-04-10T10:19:20.919679566',NULL,'0',_binary '\0',5,NULL,'ZEN CRK loop undertone',100,99),(101,'2025-04-10T10:19:21.028534531',NULL,'0',_binary '\0',6,NULL,'GIO MEG riff follow the leader ETC',101,99),(102,'2025-04-10T10:19:21.094783088',NULL,'0',_binary '\0',0,NULL,'SO MB trumpet stack tango record ETC',102,99),(103,'2025-04-10T17:36:12.619619961',NULL,'0',_binary '\0',6,NULL,'GIO MEG riff follow the leader ETC',103,103),(104,'2025-04-10T17:36:12.742659595',NULL,'0',_binary '\0',5,NULL,'ZEN CRK loop undertone',104,103),(105,'2025-04-10T17:36:12.842635519',NULL,'0',_binary '\0',4,NULL,'DD BWJAZZ groove syncopated ride hat pedal',105,103),(106,'2025-04-10T17:36:12.979120671',NULL,'0',_binary '\0',0,NULL,'SO MB trumpet stack tango record ETC',106,103),(107,'2025-04-10T20:08:23.163408920',NULL,NULL,_binary '\0',1,NULL,'휘파람레이어',107,107),(108,'2025-04-10T20:08:23.290983174',NULL,NULL,_binary '\0',4,NULL,'드럼레이어',108,107),(109,'2025-04-10T20:08:23.430822019',NULL,NULL,_binary '\0',5,NULL,'베이스레이어',109,107),(110,'2025-04-10T20:08:23.547621380',NULL,NULL,_binary '\0',0,NULL,'허밍레이어',110,107),(111,'2025-04-10T20:08:23.668016846',NULL,NULL,_binary '\0',2,NULL,'기타리프레이어',111,107),(112,'2025-04-10T20:25:53.902829561',NULL,NULL,_binary '\0',1,NULL,'DJ.Bang\'s 휘파람',112,111),(113,'2025-04-10T20:25:54.034683277',NULL,NULL,_binary '\0',4,NULL,'gold_school_drum',113,111),(114,'2025-04-10T20:25:54.155817145',NULL,NULL,_binary '\0',5,NULL,'fv_bassloop',114,111),(115,'2025-04-10T20:25:54.301643272',NULL,NULL,_binary '\0',0,NULL,'Junique\'s 허밍',115,111),(116,'2025-04-10T20:25:54.423237937',NULL,NULL,_binary '\0',2,NULL,'Junique\'s guitar riff',116,111),(117,'2025-04-10T20:38:46.227610358',NULL,'',_binary '\0',0,NULL,'gg4g',117,112),(118,'2025-04-10T20:52:21.454772439',NULL,NULL,_binary '\0',1,NULL,'layer',118,113),(119,'2025-04-10T20:52:23.809296756',NULL,NULL,_binary '\0',2,NULL,'layer',119,114),(120,'2025-04-10T20:52:25.786315181',NULL,NULL,_binary '\0',0,NULL,'layer',120,115),(121,'2025-04-10T20:53:20.765344119',NULL,NULL,_binary '\0',5,NULL,'layer',121,116),(122,'2025-04-10T20:53:22.980700585',NULL,NULL,_binary '\0',4,NULL,'layer',122,117),(123,'2025-04-10T20:58:19.049572785',NULL,NULL,_binary '\0',1,NULL,'layer',123,118),(124,'2025-04-10T20:58:21.265995929',NULL,NULL,_binary '\0',0,NULL,'layer',124,119),(125,'2025-04-10T21:01:42.739216182',NULL,'0',_binary '\0',2,NULL,'Junique\'s guitar riff',125,120),(126,'2025-04-10T21:01:42.804863804',NULL,'0',_binary '\0',1,NULL,'DJ.Bang\'s whistling',126,120),(127,'2025-04-10T21:01:42.901328174',NULL,'0',_binary '\0',0,NULL,'Junique\'s humming record',127,120),(128,'2025-04-10T21:01:42.996179918',NULL,'0',_binary '\0',5,NULL,'fv bassloop',128,120),(129,'2025-04-10T21:01:43.094363509',NULL,'0',_binary '\0',4,NULL,'gold school',129,120),(130,'2025-04-10T21:09:11.575812156',NULL,'0',_binary '\0',1,NULL,'휘슬허브오프닝',130,121),(131,'2025-04-10T21:09:11.677459155',NULL,'0',_binary '\0',5,NULL,'휘슬허브오프닝',131,121),(132,'2025-04-10T21:09:11.784616273',NULL,'0',_binary '\0',4,NULL,'휘슬허브오프닝',132,121),(133,'2025-04-10T21:10:53.871655737',NULL,'0',_binary '\0',1,NULL,'DJ.Bang\'s whistling',133,122),(134,'2025-04-10T21:10:53.956436044',NULL,'0',_binary '\0',4,NULL,'gold school',134,122),(135,'2025-04-10T21:10:54.013552399',NULL,'0',_binary '\0',5,NULL,'fv bassloop',135,122),(136,'2025-04-11T10:16:33.157379185',NULL,'0',_binary '\0',1,NULL,'DJ.Bang\'s whistling',136,123),(137,'2025-04-11T10:16:33.277574300',NULL,'0',_binary '\0',4,NULL,'my mix vol.1',137,123),(138,'2025-04-11T10:16:33.419186726',NULL,'0',_binary '\0',0,NULL,'Junique\'s humming record',138,123),(139,'2025-04-11T10:16:33.563963194',NULL,'0',_binary '\0',5,NULL,'fv bassloop',139,123),(140,'2025-04-11T10:16:33.764891563',NULL,'0',_binary '\0',2,NULL,'Junique\'s guitar riff',140,123);
/*!40000 ALTER TABLE `layer` ENABLE KEYS */;
UNLOCK TABLES;

--
-- Table structure for table `layer_file`
--

DROP TABLE IF EXISTS `layer_file`;
/*!40101 SET @saved_cs_client     = @@character_set_client */;
/*!50503 SET character_set_client = utf8mb4 */;
CREATE TABLE `layer_file` (
  `layer_file_id` int NOT NULL AUTO_INCREMENT,
  `created_at` varchar(255) COLLATE utf8mb4_unicode_ci DEFAULT NULL,
  `updated_at` varchar(255) COLLATE utf8mb4_unicode_ci DEFAULT NULL,
  `sound_url` varchar(255) COLLATE utf8mb4_unicode_ci NOT NULL,
  PRIMARY KEY (`layer_file_id`)
) ENGINE=InnoDB AUTO_INCREMENT=141 DEFAULT CHARSET=utf8mb4 COLLATE=utf8mb4_unicode_ci;
/*!40101 SET character_set_client = @saved_cs_client */;

--
-- Dumping data for table `layer_file`
--

LOCK TABLES `layer_file` WRITE;
/*!40000 ALTER TABLE `layer_file` DISABLE KEYS */;
INSERT INTO `layer_file` VALUES (1,'2025-04-09T14:57:03.897926684',NULL,'https://whistlehub.s3.ap-northeast-2.amazonaws.com/music/a058132a-a591-4820-9546-eacc9785e9981744178223759.wav'),(2,'2025-04-09T14:57:06.362029968',NULL,'https://whistlehub.s3.ap-northeast-2.amazonaws.com/music/2e7a1225-8a49-46ac-9cb8-64e11e33b34b1744178226270.wav'),(3,'2025-04-09T14:57:08.932407905',NULL,'https://whistlehub.s3.ap-northeast-2.amazonaws.com/music/d9ab0cdd-08e9-407e-a603-43139df5fd591744178228731.wav'),(4,'2025-04-09T14:57:11.255939289',NULL,'https://whistlehub.s3.ap-northeast-2.amazonaws.com/music/406502d8-affc-4ab4-996a-655f9f2d18e51744178231185.wav'),(5,'2025-04-09T14:57:13.169681802',NULL,'https://whistlehub.s3.ap-northeast-2.amazonaws.com/music/42280e21-3597-4a4f-a14d-9fa47ad63a181744178233034.wav'),(6,'2025-04-09T14:57:15.655152227',NULL,'https://whistlehub.s3.ap-northeast-2.amazonaws.com/music/68ae1895-3c33-4724-9220-afa14ef878181744178235506.wav'),(7,'2025-04-09T14:57:17.280429708',NULL,'https://whistlehub.s3.ap-northeast-2.amazonaws.com/music/6cf83498-c96a-427a-9f99-ab8edcc3c5851744178237234.wav'),(8,'2025-04-09T14:57:19.261533493',NULL,'https://whistlehub.s3.ap-northeast-2.amazonaws.com/music/64198a61-f437-4303-bd03-b70e94254f7a1744178239120.wav'),(9,'2025-04-09T14:57:21.536311417',NULL,'https://whistlehub.s3.ap-northeast-2.amazonaws.com/music/414d18b7-e29d-4c40-97ae-66cadef520f71744178241414.wav'),(10,'2025-04-09T14:57:23.764069567',NULL,'https://whistlehub.s3.ap-northeast-2.amazonaws.com/music/eaf1b574-0490-4d40-8a52-f83e2aa8bd421744178243548.wav'),(11,'2025-04-09T14:57:26.260590023',NULL,'https://whistlehub.s3.ap-northeast-2.amazonaws.com/music/2161c395-ddc7-4e99-9712-5b0e4235c0171744178246167.wav'),(12,'2025-04-09T14:57:28.481109597',NULL,'https://whistlehub.s3.ap-northeast-2.amazonaws.com/music/7d7f50b9-4c80-43b9-83dd-a4ffa982dc941744178248337.wav'),(13,'2025-04-09T14:57:30.715078933',NULL,'https://whistlehub.s3.ap-northeast-2.amazonaws.com/music/c43ca358-51ed-46b4-8986-9d7c1bd7828f1744178250551.wav'),(14,'2025-04-09T14:57:33.053059782',NULL,'https://whistlehub.s3.ap-northeast-2.amazonaws.com/music/59f0ae94-af19-4560-a88e-eed2a9f6280b1744178252929.wav'),(15,'2025-04-09T14:57:34.986986666',NULL,'https://whistlehub.s3.ap-northeast-2.amazonaws.com/music/693617cf-b19b-4ce6-94c2-5dd4b51520cc1744178254828.wav'),(16,'2025-04-09T14:57:36.819982305',NULL,'https://whistlehub.s3.ap-northeast-2.amazonaws.com/music/011a8ebe-bdeb-475c-bebe-6d100738aff71744178256715.wav'),(17,'2025-04-09T14:57:38.989261020',NULL,'https://whistlehub.s3.ap-northeast-2.amazonaws.com/music/1aca1aaa-acb7-42d1-aabe-08dafa85d44c1744178258852.wav'),(18,'2025-04-09T14:57:41.450710485',NULL,'https://whistlehub.s3.ap-northeast-2.amazonaws.com/music/1ff87816-6856-44b1-8db8-a7db5a9af22e1744178261337.wav'),(19,'2025-04-09T14:57:43.777856141',NULL,'https://whistlehub.s3.ap-northeast-2.amazonaws.com/music/c335c9c6-1cc5-41b1-9424-997167c742ba1744178263620.wav'),(20,'2025-04-09T14:57:45.957687025',NULL,'https://whistlehub.s3.ap-northeast-2.amazonaws.com/music/9f676829-1af7-4572-acaa-c4d52d724ba81744178265834.wav'),(21,'2025-04-09T14:57:47.743364701',NULL,'https://whistlehub.s3.ap-northeast-2.amazonaws.com/music/345cad1e-aa97-4861-ab20-de83de6b91d11744178267629.wav'),(22,'2025-04-09T14:57:49.368845275',NULL,'https://whistlehub.s3.ap-northeast-2.amazonaws.com/music/fe8a015d-de6b-4695-b1e8-62ec009e7dbe1744178269326.wav'),(23,'2025-04-09T14:57:51.063063652',NULL,'https://whistlehub.s3.ap-northeast-2.amazonaws.com/music/8d8af176-f6e1-4d3a-8c12-aa82701155ae1744178270942.wav'),(24,'2025-04-09T14:57:52.659733229',NULL,'https://whistlehub.s3.ap-northeast-2.amazonaws.com/music/ab034b6b-5d2a-4eda-83e2-4034a7bb2c451744178272554.wav'),(25,'2025-04-09T14:57:54.989263672',NULL,'https://whistlehub.s3.ap-northeast-2.amazonaws.com/music/c373a607-cd20-493c-960d-1ef4973cb7cb1744178274889.wav'),(26,'2025-04-09T14:57:56.527852321',NULL,'https://whistlehub.s3.ap-northeast-2.amazonaws.com/music/bd73ae40-23ed-4d04-80a2-c521c3e2cba21744178276479.wav'),(27,'2025-04-09T14:57:58.173686035',NULL,'https://whistlehub.s3.ap-northeast-2.amazonaws.com/music/b98a198f-ef22-4e03-844f-a9f3988daabd1744178278042.wav'),(28,'2025-04-09T14:58:01.645603350',NULL,'https://whistlehub.s3.ap-northeast-2.amazonaws.com/music/9244d36e-6888-4827-92ee-d64728718b0c1744178281479.wav'),(29,'2025-04-09T14:58:03.405788800',NULL,'https://whistlehub.s3.ap-northeast-2.amazonaws.com/music/5a44c9c4-88df-45a3-970f-f4968ff55a371744178283292.wav'),(30,'2025-04-09T14:58:05.047475618',NULL,'https://whistlehub.s3.ap-northeast-2.amazonaws.com/music/6d67f655-c711-4c0b-90b3-58e0d22fca751744178284880.wav'),(31,'2025-04-09T14:58:06.975949685',NULL,'https://whistlehub.s3.ap-northeast-2.amazonaws.com/music/b2c3cbdc-379d-4b5b-9b06-5d9758a87a011744178286859.wav'),(32,'2025-04-09T14:58:08.816969184',NULL,'https://whistlehub.s3.ap-northeast-2.amazonaws.com/music/1cd84e17-6dca-44b7-bf63-27eabcc44c3a1744178288698.wav'),(33,'2025-04-09T14:58:10.633887859',NULL,'https://whistlehub.s3.ap-northeast-2.amazonaws.com/music/593e8b4f-a7ab-4ab0-b978-997d7806e3571744178290538.wav'),(34,'2025-04-09T14:58:12.270326933',NULL,'https://whistlehub.s3.ap-northeast-2.amazonaws.com/music/5a25ff47-d4c8-4281-b4c0-b39854a9d9291744178292150.wav'),(35,'2025-04-09T14:58:13.987231970',NULL,'https://whistlehub.s3.ap-northeast-2.amazonaws.com/music/f9e52db2-7456-4185-b9aa-ba1b1a3260491744178293864.wav'),(36,'2025-04-09T14:58:15.772555076',NULL,'https://whistlehub.s3.ap-northeast-2.amazonaws.com/music/c31659a1-33cc-4444-bf80-0493b3ccaa5d1744178295644.wav'),(37,'2025-04-09T14:58:17.475737099',NULL,'https://whistlehub.s3.ap-northeast-2.amazonaws.com/music/026b44e7-7b99-47e9-8cde-820c0abf169c1744178297340.wav'),(38,'2025-04-09T14:58:19.143307482',NULL,'https://whistlehub.s3.ap-northeast-2.amazonaws.com/music/f29c2263-4b8b-4571-8ed3-efb830bd0c9b1744178299008.wav'),(39,'2025-04-09T14:58:20.941857744',NULL,'https://whistlehub.s3.ap-northeast-2.amazonaws.com/music/2d14ae76-6677-41ec-922d-dfb31f89f4cc1744178300860.wav'),(40,'2025-04-09T14:58:23.179420382',NULL,'https://whistlehub.s3.ap-northeast-2.amazonaws.com/music/89c86404-16ab-4757-b100-c2c4ae0f3d921744178303101.wav'),(41,'2025-04-09T14:58:25.249883157',NULL,'https://whistlehub.s3.ap-northeast-2.amazonaws.com/music/ade45493-84a4-4bc6-b006-83ffe7cb33e81744178305172.wav'),(42,'2025-04-09T14:58:26.966018837',NULL,'https://whistlehub.s3.ap-northeast-2.amazonaws.com/music/9747e520-df45-4224-ba2e-d4255a275c5c1744178306829.wav'),(43,'2025-04-09T14:58:29.376962382',NULL,'https://whistlehub.s3.ap-northeast-2.amazonaws.com/music/c5c20c38-a1be-426e-8b48-37fd917061d01744178309268.wav'),(44,'2025-04-09T14:58:31.563884346',NULL,'https://whistlehub.s3.ap-northeast-2.amazonaws.com/music/2b3c003c-3307-4593-b35e-b86471199dcf1744178311483.wav'),(45,'2025-04-09T14:58:33.232917131',NULL,'https://whistlehub.s3.ap-northeast-2.amazonaws.com/music/c1168a1c-bac6-4088-bd31-e0df26af8a331744178313113.wav'),(46,'2025-04-09T14:58:36.198270854',NULL,'https://whistlehub.s3.ap-northeast-2.amazonaws.com/music/37ee5765-5f60-4c05-ac87-1a010153806b1744178316065.wav'),(47,'2025-04-09T14:58:38.212676730',NULL,'https://whistlehub.s3.ap-northeast-2.amazonaws.com/music/b13e065f-44e4-44dc-97df-d1ed1e9122531744178318023.wav'),(48,'2025-04-09T14:58:40.373158052',NULL,'https://whistlehub.s3.ap-northeast-2.amazonaws.com/music/b701bb3c-9f63-444e-a757-6ff30750bd321744178320249.wav'),(49,'2025-04-09T14:58:42.736147910',NULL,'https://whistlehub.s3.ap-northeast-2.amazonaws.com/music/110fc90b-f54b-4799-9ee1-e05cd05fc5021744178322603.wav'),(50,'2025-04-09T14:58:45.334263664',NULL,'https://whistlehub.s3.ap-northeast-2.amazonaws.com/music/5b4aa04e-1f1c-4f25-b07f-5b5b465539c41744178325239.wav'),(51,'2025-04-09T14:58:47.664204476',NULL,'https://whistlehub.s3.ap-northeast-2.amazonaws.com/music/db13402e-715a-4ac7-92c6-12f8873cf9821744178327583.wav'),(52,'2025-04-09T14:58:50.250323481',NULL,'https://whistlehub.s3.ap-northeast-2.amazonaws.com/music/5806deed-6966-406a-9f63-fcd79c6ea7ee1744178330116.wav'),(53,'2025-04-09T14:58:52.694030198',NULL,'https://whistlehub.s3.ap-northeast-2.amazonaws.com/music/46a5841b-fc9e-42b4-a96e-ebc3108ae0db1744178332552.wav'),(54,'2025-04-09T14:58:55.007841222',NULL,'https://whistlehub.s3.ap-northeast-2.amazonaws.com/music/4af72ae5-454f-4c2b-a251-3a52076e5d2d1744178334841.wav'),(55,'2025-04-09T14:58:57.118351329',NULL,'https://whistlehub.s3.ap-northeast-2.amazonaws.com/music/7cb9dfba-b467-40a8-84bd-2c99624d96f41744178337018.wav'),(56,'2025-04-09T14:58:59.619196998',NULL,'https://whistlehub.s3.ap-northeast-2.amazonaws.com/music/a76ff2ca-63e5-435c-8cd4-4ef6fde0d0811744178339370.wav'),(57,'2025-04-09T14:59:02.030533195',NULL,'https://whistlehub.s3.ap-northeast-2.amazonaws.com/music/a5ea09d4-fe68-40fb-bf56-8a676cdd940b1744178341874.wav'),(58,'2025-04-09T14:59:04.364267254',NULL,'https://whistlehub.s3.ap-northeast-2.amazonaws.com/music/1e0aad77-4159-4b2f-afac-d5b4a5f83f481744178344227.wav'),(59,'2025-04-09T14:59:06.069323189',NULL,'https://whistlehub.s3.ap-northeast-2.amazonaws.com/music/80906229-b258-4fcb-bd76-261fbcb10b2d1744178345940.wav'),(60,'2025-04-09T14:59:08.272870019',NULL,'https://whistlehub.s3.ap-northeast-2.amazonaws.com/music/fa15d245-63a2-4d87-ab32-89fa18ec31711744178348163.wav'),(61,'2025-04-09T14:59:10.313786305',NULL,'https://whistlehub.s3.ap-northeast-2.amazonaws.com/music/d49c7a0e-0a4f-4362-b5df-77aabde9f6641744178350192.wav'),(62,'2025-04-09T14:59:12.518776499',NULL,'https://whistlehub.s3.ap-northeast-2.amazonaws.com/music/a1724cc9-6057-4b45-882c-e59e640db5461744178352398.wav'),(63,'2025-04-09T14:59:14.668319968',NULL,'https://whistlehub.s3.ap-northeast-2.amazonaws.com/music/6c390615-83d0-45a0-913e-204b6c9bcf671744178354533.wav'),(64,'2025-04-09T14:59:16.311038061',NULL,'https://whistlehub.s3.ap-northeast-2.amazonaws.com/music/a6be416c-bf52-4f85-a39f-a90e04caa5b01744178356195.wav'),(65,'2025-04-09T14:59:18.158429053',NULL,'https://whistlehub.s3.ap-northeast-2.amazonaws.com/music/03b1e8dc-e529-466c-9c53-cd3f2e0f49e81744178358030.wav'),(66,'2025-04-09T14:59:19.582370699',NULL,'https://whistlehub.s3.ap-northeast-2.amazonaws.com/music/3ad8e1d4-588e-442a-991a-8f9da9e75f9f1744178359542.wav'),(67,'2025-04-09T14:59:21.632818659',NULL,'https://whistlehub.s3.ap-northeast-2.amazonaws.com/music/a9aa70d6-0b0a-4553-b6ce-bf1b7e7f9c8d1744178361484.wav'),(68,'2025-04-09T14:59:23.892882318',NULL,'https://whistlehub.s3.ap-northeast-2.amazonaws.com/music/7f39d304-b98d-4bb6-bb83-e1c11c7c64b11744178363766.wav'),(69,'2025-04-09T14:59:25.944821057',NULL,'https://whistlehub.s3.ap-northeast-2.amazonaws.com/music/f46c488a-e43e-4ac4-b48e-37404bdd507a1744178365847.wav'),(70,'2025-04-09T14:59:29.367396548',NULL,'https://whistlehub.s3.ap-northeast-2.amazonaws.com/music/7e5914f6-60be-4512-adef-2c8fa0c8907d1744178369220.wav'),(71,'2025-04-09T14:59:31.580462210',NULL,'https://whistlehub.s3.ap-northeast-2.amazonaws.com/music/11af2037-e975-4c29-93ee-8536c5c441691744178371455.wav'),(72,'2025-04-09T14:59:33.481754317',NULL,'https://whistlehub.s3.ap-northeast-2.amazonaws.com/music/997ad8a4-afd9-4b0a-8654-3dea1e9275511744178373361.wav'),(73,'2025-04-09T14:59:35.598450564',NULL,'https://whistlehub.s3.ap-northeast-2.amazonaws.com/music/12c5d2f2-f238-423e-950d-08c21c61a9871744178375502.wav'),(74,'2025-04-09T14:59:37.590089493',NULL,'https://whistlehub.s3.ap-northeast-2.amazonaws.com/music/366dc575-c0b7-4d00-9974-358d5fcd92851744178377468.wav'),(75,'2025-04-09T14:59:39.323733703',NULL,'https://whistlehub.s3.ap-northeast-2.amazonaws.com/music/a93448b5-f7be-489a-9007-afbc55594b021744178379219.wav'),(76,'2025-04-09T14:59:41.953594875',NULL,'https://whistlehub.s3.ap-northeast-2.amazonaws.com/music/e10efd2d-845d-4e7d-8763-dc26716847ca1744178381825.wav'),(77,'2025-04-09T14:59:43.617333991',NULL,'https://whistlehub.s3.ap-northeast-2.amazonaws.com/music/01a18125-35b7-4222-8bbd-8e4fb6a29b931744178383510.wav'),(78,'2025-04-09T14:59:45.736260857',NULL,'https://whistlehub.s3.ap-northeast-2.amazonaws.com/music/696ff24d-ec4f-485c-8e48-f8fcd3c901a11744178385633.wav'),(79,'2025-04-09T14:59:48.109796081',NULL,'https://whistlehub.s3.ap-northeast-2.amazonaws.com/music/bc6d5f36-0f44-42a4-a67b-15e274ba68381744178387968.wav'),(80,'2025-04-09T14:59:49.677752234',NULL,'https://whistlehub.s3.ap-northeast-2.amazonaws.com/music/dca1dbc3-b7af-465c-8401-c7cf26320bff1744178389555.wav'),(81,'2025-04-09T14:59:51.416640095',NULL,'https://whistlehub.s3.ap-northeast-2.amazonaws.com/music/943d9592-3e1c-4307-ac69-6efe755623411744178391312.wav'),(82,'2025-04-09T14:59:53.585352885',NULL,'https://whistlehub.s3.ap-northeast-2.amazonaws.com/music/31d2d01f-c2a3-4c48-a70d-8654a02a8af01744178393453.wav'),(83,'2025-04-09T14:59:56.042983818',NULL,'https://whistlehub.s3.ap-northeast-2.amazonaws.com/music/62df705c-c6af-4fa6-b33e-cec365d735331744178395937.wav'),(84,'2025-04-09T16:06:39.468340143',NULL,'https://whistlehub.s3.ap-northeast-2.amazonaws.com/music/a9ae28f8-4787-4150-87f9-09ca6f20dd2b1744182399338.wav'),(85,'2025-04-09T16:06:39.595808049',NULL,'https://whistlehub.s3.ap-northeast-2.amazonaws.com/music/fb18d98d-8038-4a07-8916-d88682c939091744182399483.wav'),(86,'2025-04-09T16:06:39.711214096',NULL,'https://whistlehub.s3.ap-northeast-2.amazonaws.com/music/6e8d4bcd-797a-4924-92ac-04f937b59af21744182399598.wav'),(87,'2025-04-09T16:06:39.864210773',NULL,'https://whistlehub.s3.ap-northeast-2.amazonaws.com/music/abb9cdac-80fd-4ddf-9878-51799b07cc5e1744182399714.wav'),(88,'2025-04-09T17:41:25.888898778',NULL,'https://whistlehub.s3.ap-northeast-2.amazonaws.com/music/6d8e6574-1ea1-4f3f-9d37-7c4cb02b3a171744188085798.wav'),(89,'2025-04-09T17:41:25.949834066',NULL,'https://whistlehub.s3.ap-northeast-2.amazonaws.com/music/b65b4cdb-9b1f-483f-b860-ff317def583c1744188085895.wav'),(90,'2025-04-09T17:41:26.094896451',NULL,'https://whistlehub.s3.ap-northeast-2.amazonaws.com/music/64933957-be89-4233-9333-6dbd869b27d21744188085953.wav'),(91,'2025-04-09T17:41:26.192244562',NULL,'https://whistlehub.s3.ap-northeast-2.amazonaws.com/music/9a035dce-f8c9-4f33-b674-43016c239a931744188086097.wav'),(92,'2025-04-09T19:53:15.310283833',NULL,'https://whistlehub.s3.ap-northeast-2.amazonaws.com/music/67d07d11-812e-4db6-bd8a-f0d347cee3c31744195995229.wav'),(93,'2025-04-09T19:53:15.430598029',NULL,'https://whistlehub.s3.ap-northeast-2.amazonaws.com/music/8fd91069-6008-4133-9020-7f78aabfd0271744195995323.wav'),(94,'2025-04-09T20:03:18.549394030',NULL,'https://whistlehub.s3.ap-northeast-2.amazonaws.com/music/e2e63b9e-f800-425a-b641-14ec851542811744196598444.wav'),(95,'2025-04-09T20:03:18.674752194',NULL,'https://whistlehub.s3.ap-northeast-2.amazonaws.com/music/b5c32d4b-3ac7-4e35-867c-fd1a6073879d1744196598553.wav'),(96,'2025-04-09T20:25:46.138033927',NULL,'https://whistlehub.s3.ap-northeast-2.amazonaws.com/music/1c45b46f-29e1-4bcd-ab24-27ef663d28271744197946068.wav'),(97,'2025-04-09T20:32:34.739764050',NULL,'https://whistlehub.s3.ap-northeast-2.amazonaws.com/music/a32cf8d4-6c1c-4156-8607-0772cfb74f541744198354694.wav'),(98,'2025-04-09T20:32:34.815892858',NULL,'https://whistlehub.s3.ap-northeast-2.amazonaws.com/music/0b1a5f49-a4c7-4ebd-9be0-f6a002a7eea61744198354743.wav'),(99,'2025-04-10T10:19:20.790776419',NULL,'https://whistlehub.s3.ap-northeast-2.amazonaws.com/music/7942dc65-a280-4074-9018-5a68a6916c4d1744247960640.wav'),(100,'2025-04-10T10:19:20.917745307',NULL,'https://whistlehub.s3.ap-northeast-2.amazonaws.com/music/c29750b2-7fe4-45b3-98d4-16cdf1b6e3811744247960794.wav'),(101,'2025-04-10T10:19:21.026476028',NULL,'https://whistlehub.s3.ap-northeast-2.amazonaws.com/music/610ca8ee-5a27-4291-9f57-21e71062fc4c1744247960920.wav'),(102,'2025-04-10T10:19:21.092871479',NULL,'https://whistlehub.s3.ap-northeast-2.amazonaws.com/music/3bff4bc3-0874-4cdf-a36e-d325f87c909d1744247961029.wav'),(103,'2025-04-10T17:36:12.605456664',NULL,'https://whistlehub.s3.ap-northeast-2.amazonaws.com/music/c2a31a13-ec8e-438c-9520-517dc3afde3b1744274172514.wav'),(104,'2025-04-10T17:36:12.740701037',NULL,'https://whistlehub.s3.ap-northeast-2.amazonaws.com/music/5e2f27ed-d30d-487d-be1e-44cd6c135fe51744274172626.wav'),(105,'2025-04-10T17:36:12.840706941',NULL,'https://whistlehub.s3.ap-northeast-2.amazonaws.com/music/ca4b594b-3fae-4cf3-902a-c9e9a59704ec1744274172743.wav'),(106,'2025-04-10T17:36:12.977047441',NULL,'https://whistlehub.s3.ap-northeast-2.amazonaws.com/music/f7074fb6-4149-41f2-91f4-a03196137a0f1744274172843.wav'),(107,'2025-04-10T20:08:23.148399426',NULL,'https://whistlehub.s3.ap-northeast-2.amazonaws.com/music/a101efaf-4495-4a03-bca2-0937495a57b71744283303033.wav'),(108,'2025-04-10T20:08:23.288731989',NULL,'https://whistlehub.s3.ap-northeast-2.amazonaws.com/music/0000ce40-02da-4725-8a4e-8edb0dbad7ca1744283303168.wav'),(109,'2025-04-10T20:08:23.428496014',NULL,'https://whistlehub.s3.ap-northeast-2.amazonaws.com/music/730c2ee8-645b-4d4c-a13e-af2626e191d51744283303292.wav'),(110,'2025-04-10T20:08:23.545394946',NULL,'https://whistlehub.s3.ap-northeast-2.amazonaws.com/music/a9ee31c4-fcf4-4a69-916b-5edcb9464f591744283303432.wav'),(111,'2025-04-10T20:08:23.665871709',NULL,'https://whistlehub.s3.ap-northeast-2.amazonaws.com/music/3e5eb09d-35cc-48a5-ba3a-7cfa437f03261744283303550.wav'),(112,'2025-04-10T20:25:53.887599577',NULL,'https://whistlehub.s3.ap-northeast-2.amazonaws.com/music/d5c1a86c-a74a-4c98-8548-73eb4b1008d71744284353768.wav'),(113,'2025-04-10T20:25:54.032853780',NULL,'https://whistlehub.s3.ap-northeast-2.amazonaws.com/music/54ea5229-e887-4670-a091-bd0bee8a433c1744284353904.wav'),(114,'2025-04-10T20:25:54.154147969',NULL,'https://whistlehub.s3.ap-northeast-2.amazonaws.com/music/72d19e17-966b-411b-8c29-1394a79b8d9b1744284354035.wav'),(115,'2025-04-10T20:25:54.299905057',NULL,'https://whistlehub.s3.ap-northeast-2.amazonaws.com/music/ac6d680a-7321-4a07-a8fb-f847d23c9efd1744284354156.wav'),(116,'2025-04-10T20:25:54.421506818',NULL,'https://whistlehub.s3.ap-northeast-2.amazonaws.com/music/392c8cd5-dc9b-4ca2-90b3-c80262323df41744284354302.wav'),(117,'2025-04-10T20:38:46.208672202',NULL,'https://whistlehub.s3.ap-northeast-2.amazonaws.com/music/a1f4392e-2950-4c25-8d35-7dab30c9438c1744285126112.wav'),(118,'2025-04-10T20:52:21.450905221',NULL,'https://whistlehub.s3.ap-northeast-2.amazonaws.com/music/bb6673a7-a6bc-45f9-9133-ec066cede2b91744285941334.wav'),(119,'2025-04-10T20:52:23.801692810',NULL,'https://whistlehub.s3.ap-northeast-2.amazonaws.com/music/eec5929d-62b0-4ca3-9782-4bdb9ec7b2b11744285943659.wav'),(120,'2025-04-10T20:52:25.783533447',NULL,'https://whistlehub.s3.ap-northeast-2.amazonaws.com/music/c94cf9f6-4459-4467-9afa-5b65f46757db1744285945686.wav'),(121,'2025-04-10T20:53:20.761240111',NULL,'https://whistlehub.s3.ap-northeast-2.amazonaws.com/music/e14e521b-82e7-4cc1-acad-9b61738677621744286000684.wav'),(122,'2025-04-10T20:53:22.971572863',NULL,'https://whistlehub.s3.ap-northeast-2.amazonaws.com/music/a603f55c-69dc-403c-8609-484880d0d8d81744286002876.wav'),(123,'2025-04-10T20:58:19.046168804',NULL,'https://whistlehub.s3.ap-northeast-2.amazonaws.com/music/204ac78e-f31d-431a-9d15-d5c5a081e6f81744286298916.wav'),(124,'2025-04-10T20:58:21.259970044',NULL,'https://whistlehub.s3.ap-northeast-2.amazonaws.com/music/18b1395e-0dc0-48ee-b375-ef88938e96f91744286301144.wav'),(125,'2025-04-10T21:01:42.736237989',NULL,'https://whistlehub.s3.ap-northeast-2.amazonaws.com/music/837f0943-5ad4-4391-9f2c-685f4e0de07a1744286502651.wav'),(126,'2025-04-10T21:01:42.802347198',NULL,'https://whistlehub.s3.ap-northeast-2.amazonaws.com/music/c305adcc-e803-4971-9855-2b0d49c173041744286502740.wav'),(127,'2025-04-10T21:01:42.898685993',NULL,'https://whistlehub.s3.ap-northeast-2.amazonaws.com/music/fe1e10cb-108b-4acf-8e43-f477225ef3691744286502805.wav'),(128,'2025-04-10T21:01:42.993603193',NULL,'https://whistlehub.s3.ap-northeast-2.amazonaws.com/music/27d8cded-aeeb-4e94-b121-ef96053053941744286502902.wav'),(129,'2025-04-10T21:01:43.091623362',NULL,'https://whistlehub.s3.ap-northeast-2.amazonaws.com/music/60dae448-1f5e-4160-823c-1b4c551437bc1744286502997.wav'),(130,'2025-04-10T21:09:11.571152700',NULL,'https://whistlehub.s3.ap-northeast-2.amazonaws.com/music/f53489b5-dfdf-4db9-a288-f1107e86634f1744286951484.wav'),(131,'2025-04-10T21:09:11.675002707',NULL,'https://whistlehub.s3.ap-northeast-2.amazonaws.com/music/471339a0-0478-418a-829c-2334e4d0df7b1744286951577.wav'),(132,'2025-04-10T21:09:11.782351363',NULL,'https://whistlehub.s3.ap-northeast-2.amazonaws.com/music/ba608f08-b2df-4fda-b0ee-9df90b0a89471744286951678.wav'),(133,'2025-04-10T21:10:53.869319941',NULL,'https://whistlehub.s3.ap-northeast-2.amazonaws.com/music/a61507ac-951b-4908-ac2c-c3223df509581744287053801.wav'),(134,'2025-04-10T21:10:53.954047879',NULL,'https://whistlehub.s3.ap-northeast-2.amazonaws.com/music/f4a580f1-5791-4cf2-ae0a-ee7908a1115d1744287053872.wav'),(135,'2025-04-10T21:10:54.011257670',NULL,'https://whistlehub.s3.ap-northeast-2.amazonaws.com/music/6ddfa473-54ec-4bdf-8989-434d4a8943131744287053957.wav'),(136,'2025-04-11T10:16:33.145246857',NULL,'https://whistlehub.s3.ap-northeast-2.amazonaws.com/music/390723cc-bad8-4820-8232-d50dec14d6c31744334192836.wav'),(137,'2025-04-11T10:16:33.275305928',NULL,'https://whistlehub.s3.ap-northeast-2.amazonaws.com/music/d5fc3077-26c6-4d7d-82c7-234dd84459961744334193160.wav'),(138,'2025-04-11T10:16:33.416991446',NULL,'https://whistlehub.s3.ap-northeast-2.amazonaws.com/music/d4a6191c-77d1-418f-a4c3-ef32b42153221744334193278.wav'),(139,'2025-04-11T10:16:33.556452195',NULL,'https://whistlehub.s3.ap-northeast-2.amazonaws.com/music/b508854e-7493-4dbd-9fb4-d3b2d39e686b1744334193420.wav'),(140,'2025-04-11T10:16:33.762717714',NULL,'https://whistlehub.s3.ap-northeast-2.amazonaws.com/music/b926ef76-b36f-48f7-98e1-01e584c43da21744334193565.wav');
/*!40000 ALTER TABLE `layer_file` ENABLE KEYS */;
UNLOCK TABLES;

--
-- Table structure for table `like`
--

DROP TABLE IF EXISTS `like`;
/*!40101 SET @saved_cs_client     = @@character_set_client */;
/*!50503 SET character_set_client = utf8mb4 */;
CREATE TABLE `like` (
  `created_at` varchar(255) COLLATE utf8mb4_unicode_ci DEFAULT NULL,
  `updated_at` varchar(255) COLLATE utf8mb4_unicode_ci DEFAULT NULL,
  `member_id` int NOT NULL,
  `track_id` int NOT NULL,
  PRIMARY KEY (`member_id`,`track_id`),
  KEY `FKktnojcn4p0x77b1m1bstuake` (`track_id`),
  CONSTRAINT `FKdxw8q0r4smit48p26x5qmgyhb` FOREIGN KEY (`member_id`) REFERENCES `member` (`member_id`),
  CONSTRAINT `FKktnojcn4p0x77b1m1bstuake` FOREIGN KEY (`track_id`) REFERENCES `track` (`track_id`)
) ENGINE=InnoDB DEFAULT CHARSET=utf8mb4 COLLATE=utf8mb4_unicode_ci;
/*!40101 SET character_set_client = @saved_cs_client */;

--
-- Dumping data for table `like`
--

LOCK TABLES `like` WRITE;
/*!40000 ALTER TABLE `like` DISABLE KEYS */;
INSERT INTO `like` VALUES ('2025-04-09T15:58:42.791169974',NULL,1,83),('2025-04-09T17:49:29.310308577',NULL,3,47),('2025-04-09T17:49:38.929308546',NULL,3,77),('2025-04-09T17:46:30.732084505',NULL,7,13),('2025-04-10T14:49:44.534309998',NULL,7,47),('2025-04-09T15:31:48.522920710',NULL,7,68),('2025-04-10T12:03:13.660452837',NULL,7,77),('2025-04-09T17:52:23.761833199',NULL,7,83),('2025-04-09T22:55:49.147445113',NULL,9,3),('2025-04-09T22:57:23.189672743',NULL,9,82),('2025-04-10T18:26:31.713163118',NULL,9,83),('2025-04-10T18:26:18.693475271',NULL,9,103),('2025-04-11T10:11:47.221366105',NULL,11,83),('2025-04-10T19:38:27.104299300',NULL,11,103);
/*!40000 ALTER TABLE `like` ENABLE KEYS */;
UNLOCK TABLES;

--
-- Table structure for table `listen_record`
--

DROP TABLE IF EXISTS `listen_record`;
/*!40101 SET @saved_cs_client     = @@character_set_client */;
/*!50503 SET character_set_client = utf8mb4 */;
CREATE TABLE `listen_record` (
  `listen_record_id` int NOT NULL AUTO_INCREMENT,
  `created_at` varchar(255) COLLATE utf8mb4_unicode_ci DEFAULT NULL,
  `updated_at` varchar(255) COLLATE utf8mb4_unicode_ci DEFAULT NULL,
  `member_id` int NOT NULL,
  `track_id` int NOT NULL,
  PRIMARY KEY (`listen_record_id`),
  KEY `FKnvuw8p2hswpco4webyk45o9u3` (`member_id`),
  KEY `FKqj2tthdiaiawyb2xf32a26it3` (`track_id`),
  CONSTRAINT `FKnvuw8p2hswpco4webyk45o9u3` FOREIGN KEY (`member_id`) REFERENCES `member` (`member_id`),
  CONSTRAINT `FKqj2tthdiaiawyb2xf32a26it3` FOREIGN KEY (`track_id`) REFERENCES `track` (`track_id`)
) ENGINE=InnoDB AUTO_INCREMENT=3718 DEFAULT CHARSET=utf8mb4 COLLATE=utf8mb4_unicode_ci;
/*!40101 SET character_set_client = @saved_cs_client */;

--
-- Dumping data for table `listen_record`
--

LOCK TABLES `listen_record` WRITE;
/*!40000 ALTER TABLE `listen_record` DISABLE KEYS */;
INSERT INTO `listen_record` VALUES (1,'2025-04-09T15:02:01.299525783',NULL,5,83),(2,'2025-04-09T15:02:01.494964091',NULL,5,80),(3,'2025-04-09T15:02:01.496225659',NULL,5,81),(4,'2025-04-09T15:02:01.504825776',NULL,5,79),(5,'2025-04-09T15:02:01.530011373',NULL,5,82),(6,'2025-04-09T15:02:55.896699474',NULL,8,83),(7,'2025-04-09T15:02:55.914250296',NULL,8,81),(8,'2025-04-09T15:02:55.914519761',NULL,8,82),(9,'2025-04-09T15:02:56.013010855',NULL,8,80),(10,'2025-04-09T15:02:56.064749087',NULL,8,79),(11,'2025-04-09T15:03:12.754273528',NULL,8,83),(12,'2025-04-09T15:03:13.129488371',NULL,8,83),(13,'2025-04-09T15:08:53.739518320',NULL,7,82),(14,'2025-04-09T15:08:53.740227201',NULL,7,83),(15,'2025-04-09T15:08:53.779919639',NULL,7,79),(16,'2025-04-09T15:08:53.807639301',NULL,7,81),(17,'2025-04-09T15:08:53.824329570',NULL,7,80),(18,'2025-04-09T15:09:06.681311420',NULL,7,68),(19,'2025-04-09T15:09:07.688361628',NULL,7,68),(20,'2025-04-09T15:10:45.491982092',NULL,7,83),(21,'2025-04-09T15:10:45.493565453',NULL,7,81),(22,'2025-04-09T15:10:45.527071562',NULL,7,79),(23,'2025-04-09T15:10:45.539001064',NULL,7,82),(24,'2025-04-09T15:10:45.540347012',NULL,7,80),(25,'2025-04-09T15:11:37.647560612',NULL,7,82),(26,'2025-04-09T15:11:38.451099975',NULL,7,82),(27,'2025-04-09T15:12:17.796098257',NULL,7,82),(28,'2025-04-09T15:12:17.799078146',NULL,7,83),(29,'2025-04-09T15:12:17.799585424',NULL,7,81),(30,'2025-04-09T15:12:17.804475175',NULL,7,80),(31,'2025-04-09T15:12:17.832056521',NULL,7,79),(32,'2025-04-09T15:13:01.452416074',NULL,8,83),(33,'2025-04-09T15:13:01.493676692',NULL,8,80),(34,'2025-04-09T15:13:01.502619209',NULL,8,79),(35,'2025-04-09T15:13:01.513329143',NULL,8,82),(36,'2025-04-09T15:13:01.516281819',NULL,8,81),(37,'2025-04-09T15:13:28.665768447',NULL,8,81),(38,'2025-04-09T15:13:36.802556563',NULL,7,68),(39,'2025-04-09T15:13:37.021795243',NULL,7,68),(40,'2025-04-09T15:13:37.701975323',NULL,8,81),(41,'2025-04-09T15:13:39.334866647',NULL,8,81),(42,'2025-04-09T15:13:39.571563110',NULL,8,81),(43,'2025-04-09T15:14:10.220459863',NULL,7,83),(44,'2025-04-09T15:14:10.225646796',NULL,7,82),(45,'2025-04-09T15:14:10.251692630',NULL,7,79),(46,'2025-04-09T15:14:10.268342287',NULL,7,81),(47,'2025-04-09T15:14:10.277165738',NULL,7,80),(48,'2025-04-09T15:14:17.493270387',NULL,7,82),(49,'2025-04-09T15:14:18.182563948',NULL,7,82),(50,'2025-04-09T15:14:49.821790200',NULL,7,82),(51,'2025-04-09T15:14:50.016538627',NULL,7,82),(52,'2025-04-09T15:17:57.880720180',NULL,7,83),(53,'2025-04-09T15:17:57.897878474',NULL,7,82),(54,'2025-04-09T15:17:57.918694122',NULL,7,79),(55,'2025-04-09T15:17:57.937918919',NULL,7,80),(56,'2025-04-09T15:17:57.953350050',NULL,7,81),(57,'2025-04-09T15:18:04.359729300',NULL,7,21),(58,'2025-04-09T15:18:10.410941135',NULL,7,21),(59,'2025-04-09T15:18:17.730827011',NULL,7,21),(60,'2025-04-09T15:18:23.688574808',NULL,7,21),(61,'2025-04-09T15:18:32.782295947',NULL,7,42),(62,'2025-04-09T15:18:33.234960444',NULL,7,42),(63,'2025-04-09T15:28:59.397446966',NULL,7,82),(64,'2025-04-09T15:28:59.403896303',NULL,7,83),(65,'2025-04-09T15:28:59.406589680',NULL,7,81),(66,'2025-04-09T15:28:59.443026503',NULL,7,80),(67,'2025-04-09T15:28:59.456619057',NULL,7,79),(68,'2025-04-09T15:29:09.847880795',NULL,7,68),(69,'2025-04-09T15:29:10.253024325',NULL,7,68),(70,'2025-04-09T15:29:27.057937910',NULL,7,68),(71,'2025-04-09T15:29:27.250125725',NULL,7,68),(72,'2025-04-09T15:29:38.627768759',NULL,7,68),(73,'2025-04-09T15:29:38.858585252',NULL,7,68),(74,'2025-04-09T15:31:13.572675491',NULL,7,83),(75,'2025-04-09T15:31:13.574886095',NULL,7,82),(76,'2025-04-09T15:31:13.577950748',NULL,7,81),(77,'2025-04-09T15:31:13.626749879',NULL,7,79),(78,'2025-04-09T15:31:13.628807020',NULL,7,80),(79,'2025-04-09T15:31:40.245552508',NULL,7,68),(80,'2025-04-09T15:31:40.597120157',NULL,7,68),(81,'2025-04-09T15:32:06.608102068',NULL,7,68),(82,'2025-04-09T15:32:06.821359461',NULL,7,68),(83,'2025-04-09T15:32:40.089809336',NULL,7,82),(84,'2025-04-09T15:32:40.092724630',NULL,7,83),(85,'2025-04-09T15:32:40.105831397',NULL,7,81),(86,'2025-04-09T15:32:40.167026951',NULL,7,79),(87,'2025-04-09T15:32:40.179990291',NULL,7,80),(88,'2025-04-09T15:32:50.097260021',NULL,7,68),(89,'2025-04-09T15:32:50.444445766',NULL,7,68),(90,'2025-04-09T15:33:24.164955086',NULL,7,68),(91,'2025-04-09T15:33:24.346907851',NULL,7,68),(92,'2025-04-09T15:33:42.194746909',NULL,7,63),(93,'2025-04-09T15:33:42.465274137',NULL,7,63),(94,'2025-04-09T15:34:30.938183472',NULL,7,83),(95,'2025-04-09T15:34:30.949554621',NULL,7,82),(96,'2025-04-09T15:34:30.951870761',NULL,7,80),(97,'2025-04-09T15:34:30.990979426',NULL,7,81),(98,'2025-04-09T15:34:30.998692965',NULL,7,79),(99,'2025-04-09T15:34:37.909410556',NULL,7,68),(100,'2025-04-09T15:34:38.216024159',NULL,7,68),(101,'2025-04-09T15:34:46.086193398',NULL,7,52),(102,'2025-04-09T15:34:46.335669530',NULL,7,52),(103,'2025-04-09T15:34:51.210689753',NULL,7,8),(104,'2025-04-09T15:34:57.532960816',NULL,7,8),(105,'2025-04-09T15:35:04.165630998',NULL,7,81),(106,'2025-04-09T15:35:04.165596516',NULL,7,80),(107,'2025-04-09T15:35:04.165830904',NULL,7,83),(108,'2025-04-09T15:35:04.168913373',NULL,7,82),(109,'2025-04-09T15:35:04.186754895',NULL,7,79),(110,'2025-04-09T15:35:37.777496104',NULL,1,80),(111,'2025-04-09T15:35:37.778521114',NULL,1,83),(112,'2025-04-09T15:35:37.778815984',NULL,1,81),(113,'2025-04-09T15:35:37.782685701',NULL,1,82),(114,'2025-04-09T15:35:37.795016381',NULL,1,79),(115,'2025-04-09T15:35:40.687295653',NULL,1,83),(116,'2025-04-09T15:35:41.053174303',NULL,1,83),(117,'2025-04-09T15:37:46.150460662',NULL,1,82),(118,'2025-04-09T15:37:46.152376164',NULL,1,83),(119,'2025-04-09T15:37:46.185586963',NULL,1,79),(120,'2025-04-09T15:37:46.199576424',NULL,1,81),(121,'2025-04-09T15:37:46.200671104',NULL,1,80),(122,'2025-04-09T15:37:50.939192261',NULL,1,83),(123,'2025-04-09T15:37:51.355877110',NULL,1,83),(124,'2025-04-09T15:45:54.966031619',NULL,5,82),(125,'2025-04-09T15:45:54.994238676',NULL,5,80),(126,'2025-04-09T15:45:55.020554873',NULL,5,79),(127,'2025-04-09T15:45:55.114294909',NULL,5,81),(128,'2025-04-09T15:45:55.115191027',NULL,5,83),(129,'2025-04-09T15:46:10.501619181',NULL,5,75),(130,'2025-04-09T15:46:15.592315945',NULL,5,75),(131,'2025-04-09T15:46:20.751807871',NULL,5,75),(132,'2025-04-09T15:46:25.952688058',NULL,5,75),(133,'2025-04-09T15:47:59.117234075',NULL,5,80),(134,'2025-04-09T15:47:59.117230096',NULL,5,83),(135,'2025-04-09T15:47:59.124077683',NULL,5,81),(136,'2025-04-09T15:47:59.141216545',NULL,5,82),(137,'2025-04-09T15:47:59.175278309',NULL,5,79),(138,'2025-04-09T15:47:59.508926964',NULL,5,82),(139,'2025-04-09T15:47:59.509386902',NULL,5,81),(140,'2025-04-09T15:47:59.516511383',NULL,5,80),(141,'2025-04-09T15:47:59.521428970',NULL,5,83),(142,'2025-04-09T15:47:59.584763293',NULL,5,79),(143,'2025-04-09T15:47:59.789205719',NULL,5,83),(144,'2025-04-09T15:47:59.789533367',NULL,5,82),(145,'2025-04-09T15:47:59.815678559',NULL,5,81),(146,'2025-04-09T15:47:59.990988913',NULL,5,80),(147,'2025-04-09T15:47:59.994249789',NULL,5,79),(148,'2025-04-09T15:48:00.144762309',NULL,5,83),(149,'2025-04-09T15:48:00.145579524',NULL,5,82),(150,'2025-04-09T15:48:00.207955323',NULL,5,80),(151,'2025-04-09T15:48:00.207942908',NULL,5,81),(152,'2025-04-09T15:48:00.242332820',NULL,5,79),(153,'2025-04-09T15:48:00.412908651',NULL,5,82),(154,'2025-04-09T15:48:00.415991417',NULL,5,83),(155,'2025-04-09T15:48:00.510771762',NULL,5,80),(156,'2025-04-09T15:48:00.546380772',NULL,5,81),(157,'2025-04-09T15:48:00.546380772',NULL,5,79),(158,'2025-04-09T15:48:00.993888024',NULL,5,83),(159,'2025-04-09T15:48:01.013891148',NULL,5,82),(160,'2025-04-09T15:48:01.099362416',NULL,5,80),(161,'2025-04-09T15:48:01.101043946',NULL,5,81),(162,'2025-04-09T15:48:01.181385480',NULL,5,79),(163,'2025-04-09T15:48:01.549167354',NULL,5,81),(164,'2025-04-09T15:48:01.549649770',NULL,5,82),(165,'2025-04-09T15:48:01.549649770',NULL,5,83),(166,'2025-04-09T15:48:01.678434915',NULL,5,80),(167,'2025-04-09T15:48:01.685044329',NULL,5,79),(168,'2025-04-09T15:48:03.039484306',NULL,5,83),(169,'2025-04-09T15:48:03.292009928',NULL,5,80),(170,'2025-04-09T15:48:03.632606106',NULL,5,79),(171,'2025-04-09T15:48:04.271810070',NULL,5,83),(172,'2025-04-09T15:48:04.271762640',NULL,5,82),(173,'2025-04-09T15:48:04.276455685',NULL,5,81),(174,'2025-04-09T15:49:07.325246575',NULL,5,79),(175,'2025-04-09T15:49:07.325532829',NULL,5,81),(176,'2025-04-09T15:49:07.325610138',NULL,5,83),(177,'2025-04-09T15:49:07.327408328',NULL,5,80),(178,'2025-04-09T15:49:07.331435238',NULL,5,82),(179,'2025-04-09T15:50:38.671436437',NULL,5,82),(180,'2025-04-09T15:50:38.671467761',NULL,5,81),(181,'2025-04-09T15:50:38.671747572',NULL,5,83),(182,'2025-04-09T15:50:38.681859801',NULL,5,80),(183,'2025-04-09T15:50:38.694984332',NULL,5,79),(184,'2025-04-09T15:51:05.597528781',NULL,5,82),(185,'2025-04-09T15:51:05.611294574',NULL,5,80),(186,'2025-04-09T15:51:05.613095253',NULL,5,79),(187,'2025-04-09T15:51:05.614591502',NULL,5,83),(188,'2025-04-09T15:51:05.618439543',NULL,5,81),(189,'2025-04-09T15:51:07.183206256',NULL,5,80),(190,'2025-04-09T15:51:07.183627946',NULL,5,83),(191,'2025-04-09T15:51:07.194683826',NULL,5,82),(192,'2025-04-09T15:51:07.199358808',NULL,5,81),(193,'2025-04-09T15:51:07.306295686',NULL,5,79),(194,'2025-04-09T15:51:08.014008484',NULL,5,82),(195,'2025-04-09T15:51:08.014145528',NULL,5,83),(196,'2025-04-09T15:51:08.016754385',NULL,5,81),(197,'2025-04-09T15:51:08.336275533',NULL,5,79),(198,'2025-04-09T15:51:08.336330239',NULL,5,80),(199,'2025-04-09T15:51:09.194653627',NULL,5,81),(200,'2025-04-09T15:51:09.194939225',NULL,5,82),(201,'2025-04-09T15:51:09.207388819',NULL,5,83),(202,'2025-04-09T15:51:09.207635365',NULL,5,80),(203,'2025-04-09T15:51:09.222867492',NULL,5,79),(204,'2025-04-09T15:51:09.930313149',NULL,5,81),(205,'2025-04-09T15:51:09.930262260',NULL,5,82),(206,'2025-04-09T15:51:09.931912213',NULL,5,83),(207,'2025-04-09T15:51:09.945110060',NULL,5,80),(208,'2025-04-09T15:51:10.093594573',NULL,5,79),(209,'2025-04-09T15:55:03.045576859',NULL,5,83),(210,'2025-04-09T15:55:03.108766880',NULL,5,79),(211,'2025-04-09T15:55:03.181159544',NULL,5,80),(212,'2025-04-09T15:55:03.190760769',NULL,5,82),(213,'2025-04-09T15:55:03.190750898',NULL,5,81),(214,'2025-04-09T15:56:20.355112832',NULL,5,83),(215,'2025-04-09T15:56:20.364980018',NULL,5,79),(216,'2025-04-09T15:56:20.365418805',NULL,5,81),(217,'2025-04-09T15:56:20.365223640',NULL,5,82),(218,'2025-04-09T15:56:20.368038105',NULL,5,80),(219,'2025-04-09T15:56:57.536004066',NULL,5,79),(220,'2025-04-09T15:56:57.536004066',NULL,5,80),(221,'2025-04-09T15:56:57.536537499',NULL,5,83),(222,'2025-04-09T15:56:57.536674771',NULL,5,81),(223,'2025-04-09T15:56:57.537924069',NULL,5,82),(224,'2025-04-09T15:58:19.160250609',NULL,1,83),(225,'2025-04-09T15:58:19.166840033',NULL,1,80),(226,'2025-04-09T15:58:19.168316966',NULL,1,82),(227,'2025-04-09T15:58:19.216772724',NULL,1,81),(228,'2025-04-09T15:58:19.222422294',NULL,1,79),(229,'2025-04-09T15:58:24.873816595',NULL,1,82),(230,'2025-04-09T15:58:25.274234594',NULL,1,82),(231,'2025-04-09T15:58:41.303950403',NULL,1,83),(232,'2025-04-09T15:58:41.513614123',NULL,1,83),(233,'2025-04-09T15:58:51.789080562',NULL,1,83),(234,'2025-04-09T15:58:52.067825365',NULL,1,83),(235,'2025-04-09T15:59:12.214164652',NULL,1,82),(236,'2025-04-09T15:59:12.413699430',NULL,1,82),(237,'2025-04-09T16:02:16.249308447',NULL,1,79),(238,'2025-04-09T16:02:16.501282153',NULL,1,79),(239,'2025-04-09T16:02:48.740421478',NULL,7,81),(240,'2025-04-09T16:02:48.740531253',NULL,7,82),(241,'2025-04-09T16:02:48.751259765',NULL,7,80),(242,'2025-04-09T16:02:48.754438715',NULL,7,79),(243,'2025-04-09T16:02:48.756008382',NULL,7,83),(244,'2025-04-09T16:03:01.357299731',NULL,7,83),(245,'2025-04-09T16:03:01.359039050',NULL,7,82),(246,'2025-04-09T16:03:01.366593152',NULL,7,80),(247,'2025-04-09T16:03:01.367309743',NULL,7,79),(248,'2025-04-09T16:03:01.368230825',NULL,7,81),(249,'2025-04-09T16:03:29.688118710',NULL,7,68),(250,'2025-04-09T16:03:29.949396167',NULL,7,68),(251,'2025-04-09T16:03:34.587194200',NULL,7,81),(252,'2025-04-09T16:03:34.592491236',NULL,7,80),(253,'2025-04-09T16:03:34.596182254',NULL,7,83),(254,'2025-04-09T16:03:34.596508249',NULL,7,82),(255,'2025-04-09T16:03:34.644036042',NULL,7,79),(256,'2025-04-09T16:04:47.590318899',NULL,8,83),(257,'2025-04-09T16:04:47.591813348',NULL,8,82),(258,'2025-04-09T16:04:47.655056862',NULL,8,79),(259,'2025-04-09T16:04:47.658529558',NULL,8,81),(260,'2025-04-09T16:04:47.669177711',NULL,8,80),(261,'2025-04-09T16:04:56.117724910',NULL,8,83),(262,'2025-04-09T16:04:56.451608139',NULL,8,83),(263,'2025-04-09T16:05:24.098305597',NULL,1,83),(264,'2025-04-09T16:05:24.098787203',NULL,1,82),(265,'2025-04-09T16:05:24.103931283',NULL,1,80),(266,'2025-04-09T16:05:24.106300675',NULL,1,81),(267,'2025-04-09T16:05:24.119511551',NULL,1,79),(268,'2025-04-09T16:05:27.204548414',NULL,1,83),(269,'2025-04-09T16:05:27.510846219',NULL,1,83),(270,'2025-04-09T16:07:28.080376884',NULL,1,83),(271,'2025-04-09T16:07:28.089426970',NULL,1,81),(272,'2025-04-09T16:07:28.090806088',NULL,1,82),(273,'2025-04-09T16:07:28.126060805',NULL,1,80),(274,'2025-04-09T16:07:28.133983510',NULL,1,79),(275,'2025-04-09T16:07:36.008918775',NULL,1,83),(276,'2025-04-09T16:07:36.855314648',NULL,1,83),(277,'2025-04-09T16:12:50.612079032',NULL,8,83),(278,'2025-04-09T16:12:50.673681805',NULL,8,79),(279,'2025-04-09T16:12:50.673662556',NULL,8,80),(280,'2025-04-09T16:12:50.676430649',NULL,8,82),(281,'2025-04-09T16:12:50.685129598',NULL,8,81),(282,'2025-04-09T16:12:59.484679583',NULL,8,80),(283,'2025-04-09T16:12:59.840964603',NULL,8,80),(284,'2025-04-09T16:14:36.202428668',NULL,8,77),(285,'2025-04-09T16:14:36.440970106',NULL,8,77),(286,'2025-04-09T16:16:36.158997709',NULL,8,83),(287,'2025-04-09T16:16:36.166590809',NULL,8,81),(288,'2025-04-09T16:16:36.185530179',NULL,8,79),(289,'2025-04-09T16:16:36.209975418',NULL,8,82),(290,'2025-04-09T16:16:36.216208885',NULL,8,80),(291,'2025-04-09T16:16:44.382527506',NULL,8,83),(292,'2025-04-09T16:16:44.765390941',NULL,8,83),(293,'2025-04-09T16:20:04.241515043',NULL,8,82),(294,'2025-04-09T16:20:04.241517686',NULL,8,83),(295,'2025-04-09T16:20:04.309469364',NULL,8,79),(296,'2025-04-09T16:20:04.397201371',NULL,8,81),(297,'2025-04-09T16:20:04.403233684',NULL,8,80),(298,'2025-04-09T16:20:11.105973977',NULL,8,83),(299,'2025-04-09T16:20:11.419182510',NULL,8,83),(300,'2025-04-09T16:20:52.069923073',NULL,8,83),(301,'2025-04-09T16:20:52.100729587',NULL,8,81),(302,'2025-04-09T16:20:52.111821613',NULL,8,79),(303,'2025-04-09T16:20:52.166803850',NULL,8,80),(304,'2025-04-09T16:20:52.166779788',NULL,8,82),(305,'2025-04-09T16:20:59.700691522',NULL,8,83),(306,'2025-04-09T16:21:00.051731579',NULL,8,83),(307,'2025-04-09T16:23:14.099984364',NULL,8,83),(308,'2025-04-09T16:23:14.101485883',NULL,8,82),(309,'2025-04-09T16:23:14.116448552',NULL,8,81),(310,'2025-04-09T16:23:14.164071113',NULL,8,80),(311,'2025-04-09T16:23:14.167638064',NULL,8,79),(312,'2025-04-09T16:23:20.806764956',NULL,8,84),(313,'2025-04-09T16:23:21.119428267',NULL,8,84),(314,'2025-04-09T16:24:26.158016892',NULL,8,83),(315,'2025-04-09T16:24:26.162451620',NULL,8,81),(316,'2025-04-09T16:24:26.166868441',NULL,8,79),(317,'2025-04-09T16:24:26.224925463',NULL,8,80),(318,'2025-04-09T16:24:26.227640770',NULL,8,82),(319,'2025-04-09T16:24:32.553751089',NULL,8,84),(320,'2025-04-09T16:24:32.839185026',NULL,8,84),(321,'2025-04-09T16:33:00.492377914',NULL,8,82),(322,'2025-04-09T16:33:00.496563573',NULL,8,81),(323,'2025-04-09T16:33:00.549804667',NULL,8,79),(324,'2025-04-09T16:33:00.560792659',NULL,8,80),(325,'2025-04-09T16:33:00.571024174',NULL,8,83),(326,'2025-04-09T16:33:08.182858973',NULL,8,83),(327,'2025-04-09T16:33:08.540241230',NULL,8,83),(328,'2025-04-09T16:34:00.997942730',NULL,8,82),(329,'2025-04-09T16:34:00.999340097',NULL,8,80),(330,'2025-04-09T16:34:01.007922173',NULL,8,81),(331,'2025-04-09T16:34:01.045457903',NULL,8,83),(332,'2025-04-09T16:34:01.049424056',NULL,8,79),(333,'2025-04-09T16:34:08.007734655',NULL,8,84),(334,'2025-04-09T16:34:08.361777286',NULL,8,84),(335,'2025-04-09T16:34:49.474625218',NULL,8,79),(336,'2025-04-09T16:34:49.474746543',NULL,8,80),(337,'2025-04-09T16:34:49.476545795',NULL,8,83),(338,'2025-04-09T16:34:49.517782434',NULL,8,81),(339,'2025-04-09T16:34:49.524409809',NULL,8,82),(340,'2025-04-09T16:34:58.678510492',NULL,8,83),(341,'2025-04-09T16:34:59.048650360',NULL,8,83),(342,'2025-04-09T16:36:05.012080066',NULL,8,82),(343,'2025-04-09T16:36:05.016406560',NULL,8,83),(344,'2025-04-09T16:36:05.045462337',NULL,8,79),(345,'2025-04-09T16:36:05.056726982',NULL,8,81),(346,'2025-04-09T16:36:05.066983869',NULL,8,80),(347,'2025-04-09T16:36:13.142756490',NULL,8,83),(348,'2025-04-09T16:36:13.493370123',NULL,8,83),(349,'2025-04-09T16:36:40.391050788',NULL,8,73),(350,'2025-04-09T16:36:40.698278737',NULL,8,73),(351,'2025-04-09T16:37:01.510901055',NULL,8,84),(352,'2025-04-09T16:37:01.741525071',NULL,8,84),(353,'2025-04-09T16:38:32.685638121',NULL,8,80),(354,'2025-04-09T16:38:32.685645928',NULL,8,83),(355,'2025-04-09T16:38:32.693669066',NULL,8,82),(356,'2025-04-09T16:38:32.734763939',NULL,8,81),(357,'2025-04-09T16:38:32.747797301',NULL,8,79),(358,'2025-04-09T16:38:40.063006988',NULL,8,84),(359,'2025-04-09T16:38:40.366295762',NULL,8,84),(360,'2025-04-09T16:39:56.100503311',NULL,8,82),(361,'2025-04-09T16:39:56.109460259',NULL,8,81),(362,'2025-04-09T16:39:56.113517524',NULL,8,80),(363,'2025-04-09T16:39:56.199340276',NULL,8,79),(364,'2025-04-09T16:39:56.202670692',NULL,8,83),(365,'2025-04-09T16:40:02.834869740',NULL,8,84),(366,'2025-04-09T16:40:03.200875165',NULL,8,84),(367,'2025-04-09T16:40:53.202471427',NULL,8,83),(368,'2025-04-09T16:40:53.203912681',NULL,8,81),(369,'2025-04-09T16:40:53.205538498',NULL,8,82),(370,'2025-04-09T16:40:53.253587181',NULL,8,79),(371,'2025-04-09T16:40:53.274155234',NULL,8,80),(372,'2025-04-09T16:41:01.171569787',NULL,8,84),(373,'2025-04-09T16:41:01.511435363',NULL,8,84),(374,'2025-04-09T16:41:44.641677480',NULL,8,82),(375,'2025-04-09T16:41:44.664757691',NULL,8,83),(376,'2025-04-09T16:41:44.773408751',NULL,8,79),(377,'2025-04-09T16:41:44.782064506',NULL,8,80),(378,'2025-04-09T16:41:44.785375253',NULL,8,81),(379,'2025-04-09T16:41:51.828203970',NULL,8,84),(380,'2025-04-09T16:41:52.199687520',NULL,8,84),(381,'2025-04-09T16:42:32.263030609',NULL,8,82),(382,'2025-04-09T16:42:32.275326734',NULL,8,80),(383,'2025-04-09T16:42:32.277120434',NULL,8,83),(384,'2025-04-09T16:42:32.377742152',NULL,8,81),(385,'2025-04-09T16:42:32.380150026',NULL,8,79),(386,'2025-04-09T16:42:39.857997697',NULL,8,84),(387,'2025-04-09T16:42:40.191538825',NULL,8,84),(388,'2025-04-09T16:48:18.075704581',NULL,5,82),(389,'2025-04-09T16:48:18.075704581',NULL,5,83),(390,'2025-04-09T16:48:18.163875157',NULL,5,79),(391,'2025-04-09T16:48:18.224009683',NULL,5,80),(392,'2025-04-09T16:48:18.224009683',NULL,5,81),(393,'2025-04-09T16:48:29.009792120',NULL,5,81),(394,'2025-04-09T16:48:29.019226901',NULL,5,82),(395,'2025-04-09T16:48:29.023893525',NULL,5,83),(396,'2025-04-09T16:48:29.024670100',NULL,5,80),(397,'2025-04-09T16:48:29.085839119',NULL,5,79),(398,'2025-04-09T16:48:40.184890203',NULL,5,82),(399,'2025-04-09T16:48:40.189212245',NULL,5,80),(400,'2025-04-09T16:48:40.189357124',NULL,5,83),(401,'2025-04-09T16:48:40.189518058',NULL,5,79),(402,'2025-04-09T16:48:40.198744485',NULL,5,81),(403,'2025-04-09T16:51:06.746256651',NULL,5,82),(404,'2025-04-09T16:51:06.750319165',NULL,5,81),(405,'2025-04-09T16:51:06.750485743',NULL,5,83),(406,'2025-04-09T16:51:06.752712459',NULL,5,79),(407,'2025-04-09T16:51:06.753400093',NULL,5,80),(408,'2025-04-09T16:57:40.049366074',NULL,5,61),(409,'2025-04-09T16:57:40.284007909',NULL,5,61),(410,'2025-04-09T17:21:47.846285607',NULL,8,83),(411,'2025-04-09T17:21:47.852005924',NULL,8,80),(412,'2025-04-09T17:21:47.862381430',NULL,8,81),(413,'2025-04-09T17:21:47.903752353',NULL,8,82),(414,'2025-04-09T17:21:47.925008798',NULL,8,79),(415,'2025-04-09T17:22:12.113242307',NULL,8,75),(416,'2025-04-09T17:22:12.515702481',NULL,8,75),(417,'2025-04-09T17:33:08.735913747',NULL,8,82),(418,'2025-04-09T17:33:08.735975154',NULL,8,83),(419,'2025-04-09T17:33:08.747418823',NULL,8,79),(420,'2025-04-09T17:33:08.777918629',NULL,8,81),(421,'2025-04-09T17:33:08.777927824',NULL,8,80),(422,'2025-04-09T17:33:34.809773562',NULL,5,83),(423,'2025-04-09T17:33:34.864291910',NULL,5,79),(424,'2025-04-09T17:33:34.967605554',NULL,5,82),(425,'2025-04-09T17:33:34.967605554',NULL,5,80),(426,'2025-04-09T17:33:34.969249200',NULL,5,81),(427,'2025-04-09T17:34:04.239463759',NULL,5,82),(428,'2025-04-09T17:34:04.240400089',NULL,5,83),(429,'2025-04-09T17:34:04.250062634',NULL,5,81),(430,'2025-04-09T17:34:04.259322621',NULL,5,79),(431,'2025-04-09T17:34:04.260052656',NULL,5,80),(432,'2025-04-09T17:36:44.015198855',NULL,8,83),(433,'2025-04-09T17:36:44.016066847',NULL,8,82),(434,'2025-04-09T17:36:44.077210453',NULL,8,79),(435,'2025-04-09T17:36:44.077210453',NULL,8,81),(436,'2025-04-09T17:36:44.077210453',NULL,8,80),(437,'2025-04-09T17:37:30.288800',NULL,5,82),(438,'2025-04-09T17:37:30.289193849',NULL,5,81),(439,'2025-04-09T17:37:30.299169764',NULL,5,80),(440,'2025-04-09T17:37:30.299377850',NULL,5,83),(441,'2025-04-09T17:37:30.299673240',NULL,5,79),(442,'2025-04-09T17:37:32.990174904',NULL,8,83),(443,'2025-04-09T17:37:32.997020925',NULL,8,82),(444,'2025-04-09T17:37:33.004353884',NULL,8,81),(445,'2025-04-09T17:37:33.097493288',NULL,8,80),(446,'2025-04-09T17:37:33.141288233',NULL,8,79),(447,'2025-04-09T17:38:32.558975383',NULL,3,83),(448,'2025-04-09T17:38:32.561919172',NULL,3,79),(449,'2025-04-09T17:38:32.562432254',NULL,3,80),(450,'2025-04-09T17:38:32.594752812',NULL,3,82),(451,'2025-04-09T17:38:32.599418093',NULL,3,81),(452,'2025-04-09T17:38:33.878061598',NULL,8,81),(453,'2025-04-09T17:38:33.888975903',NULL,8,82),(454,'2025-04-09T17:38:33.911219422',NULL,8,83),(455,'2025-04-09T17:38:34.039661795',NULL,8,80),(456,'2025-04-09T17:38:34.063875502',NULL,8,79),(457,'2025-04-09T17:38:40.512186561',NULL,3,15),(458,'2025-04-09T17:38:49.188259309',NULL,3,15),(459,'2025-04-09T17:38:57.595713322',NULL,3,15),(460,'2025-04-09T17:39:06.001690855',NULL,3,15),(461,'2025-04-09T17:39:07.689346770',NULL,3,83),(462,'2025-04-09T17:39:07.689346770',NULL,3,82),(463,'2025-04-09T17:39:07.690375181',NULL,3,81),(464,'2025-04-09T17:39:07.690614551',NULL,3,80),(465,'2025-04-09T17:39:07.693789454',NULL,3,79),(466,'2025-04-09T17:39:30.932297209',NULL,3,15),(467,'2025-04-09T17:40:12.331442830',NULL,8,81),(468,'2025-04-09T17:40:12.333806811',NULL,8,82),(469,'2025-04-09T17:40:12.334587317',NULL,8,83),(470,'2025-04-09T17:40:12.391568093',NULL,8,79),(471,'2025-04-09T17:40:12.399783996',NULL,8,80),(472,'2025-04-09T17:40:27.626894761',NULL,3,83),(473,'2025-04-09T17:40:27.629375542',NULL,3,80),(474,'2025-04-09T17:40:27.631582999',NULL,3,81),(475,'2025-04-09T17:40:27.634932159',NULL,3,82),(476,'2025-04-09T17:40:27.677055799',NULL,3,79),(477,'2025-04-09T17:41:31.056159421',NULL,3,85),(478,'2025-04-09T17:41:34.693666386',NULL,1,83),(479,'2025-04-09T17:41:34.699148140',NULL,1,82),(480,'2025-04-09T17:41:34.702196269',NULL,1,81),(481,'2025-04-09T17:41:34.749370539',NULL,1,80),(482,'2025-04-09T17:41:34.760636300',NULL,1,79),(483,'2025-04-09T17:41:37.010071569',NULL,3,83),(484,'2025-04-09T17:41:37.010019920',NULL,3,79),(485,'2025-04-09T17:41:37.010594974',NULL,3,81),(486,'2025-04-09T17:41:37.011193144',NULL,3,82),(487,'2025-04-09T17:41:37.012702816',NULL,3,80),(488,'2025-04-09T17:41:40.381267669',NULL,1,67),(489,'2025-04-09T17:41:51.581795120',NULL,1,80),(490,'2025-04-09T17:41:51.581904597',NULL,1,83),(491,'2025-04-09T17:41:51.581842283',NULL,1,82),(492,'2025-04-09T17:41:51.586866977',NULL,1,81),(493,'2025-04-09T17:41:51.641430581',NULL,1,79),(494,'2025-04-09T17:41:52.822647020',NULL,3,81),(495,'2025-04-09T17:41:54.078752674',NULL,3,81),(496,'2025-04-09T17:41:54.198610457',NULL,1,75),(497,'2025-04-09T17:41:58.699000567',NULL,1,67),(498,'2025-04-09T17:42:11.195186720',NULL,1,82),(499,'2025-04-09T17:42:11.195437169',NULL,1,83),(500,'2025-04-09T17:42:11.201992670',NULL,1,81),(501,'2025-04-09T17:42:11.256290114',NULL,1,80),(502,'2025-04-09T17:42:11.270018374',NULL,1,79),(503,'2025-04-09T17:42:15.804278683',NULL,1,8),(504,'2025-04-09T17:42:20.649973515',NULL,1,36),(505,'2025-04-09T17:42:29.153757174',NULL,1,8),(506,'2025-04-09T17:42:43.429989822',NULL,1,33),(507,'2025-04-09T17:42:46.478934428',NULL,1,36),(508,'2025-04-09T17:42:47.502781406',NULL,1,8),(509,'2025-04-09T17:42:49.035162596',NULL,1,33),(510,'2025-04-09T17:42:52.988658027',NULL,1,83),(511,'2025-04-09T17:42:52.991474987',NULL,1,80),(512,'2025-04-09T17:42:52.991938380',NULL,1,81),(513,'2025-04-09T17:42:52.994339133',NULL,1,82),(514,'2025-04-09T17:42:53.006108589',NULL,1,79),(515,'2025-04-09T17:42:57.092082032',NULL,1,12),(516,'2025-04-09T17:42:57.442046731',NULL,1,8),(517,'2025-04-09T17:43:14.505153856',NULL,1,36),(518,'2025-04-09T17:43:28.539660316',NULL,7,80),(519,'2025-04-09T17:43:28.542214202',NULL,7,82),(520,'2025-04-09T17:43:28.541420804',NULL,7,83),(521,'2025-04-09T17:43:28.549320751',NULL,7,79),(522,'2025-04-09T17:43:28.561292961',NULL,7,81),(523,'2025-04-09T17:43:29.797354927',NULL,7,36),(524,'2025-04-09T17:43:31.303619706',NULL,7,25),(525,'2025-04-09T17:43:33.576316196',NULL,7,65),(526,'2025-04-09T17:43:36.987920004',NULL,5,83),(527,'2025-04-09T17:43:37.036064528',NULL,5,79),(528,'2025-04-09T17:43:37.151041952',NULL,5,81),(529,'2025-04-09T17:43:37.151170045',NULL,5,80),(530,'2025-04-09T17:43:37.151076278',NULL,5,82),(531,'2025-04-09T17:43:42.083938870',NULL,7,36),(532,'2025-04-09T17:43:49.372541404',NULL,7,52),(533,'2025-04-09T17:43:50.720015237',NULL,7,68),(534,'2025-04-09T17:43:52.581073782',NULL,7,63),(535,'2025-04-09T17:43:59.023385620',NULL,7,83),(536,'2025-04-09T17:43:59.023498530',NULL,7,81),(537,'2025-04-09T17:43:59.023652242',NULL,7,82),(538,'2025-04-09T17:43:59.025584430',NULL,7,80),(539,'2025-04-09T17:43:59.025390454',NULL,7,79),(540,'2025-04-09T17:44:09.330842622',NULL,7,36),(541,'2025-04-09T17:44:17.718479253',NULL,7,25),(542,'2025-04-09T17:44:36.795883204',NULL,7,65),(543,'2025-04-09T17:44:45.357844855',NULL,7,52),(544,'2025-04-09T17:45:38.939088824',NULL,8,80),(545,'2025-04-09T17:45:38.967724144',NULL,8,79),(546,'2025-04-09T17:45:39.007690424',NULL,8,83),(547,'2025-04-09T17:45:39.008263335',NULL,8,82),(548,'2025-04-09T17:45:39.011031604',NULL,8,81),(549,'2025-04-09T17:45:39.537305001',NULL,5,73),(550,'2025-04-09T17:45:43.311214772',NULL,5,67),(551,'2025-04-09T17:45:45.511738098',NULL,5,66),(552,'2025-04-09T17:45:47.431976477',NULL,5,59),(553,'2025-04-09T17:45:49.951475345',NULL,5,39),(554,'2025-04-09T17:45:53.382578074',NULL,5,38),(555,'2025-04-09T17:45:55.121679536',NULL,5,37),(556,'2025-04-09T17:45:56.432735323',NULL,5,35),(557,'2025-04-09T17:45:57.597424490',NULL,5,34),(558,'2025-04-09T17:46:00.451322726',NULL,5,83),(559,'2025-04-09T17:46:00.451341811',NULL,5,82),(560,'2025-04-09T17:46:00.454258508',NULL,5,80),(561,'2025-04-09T17:46:00.456240970',NULL,5,79),(562,'2025-04-09T17:46:00.457200246',NULL,5,81),(563,'2025-04-09T17:46:06.431901427',NULL,5,73),(564,'2025-04-09T17:46:08.475348743',NULL,5,83),(565,'2025-04-09T17:46:10.121907693',NULL,5,82),(566,'2025-04-09T17:46:11.874209053',NULL,5,81),(567,'2025-04-09T17:46:13.961188737',NULL,5,80),(568,'2025-04-09T17:46:15.381798061',NULL,5,79),(569,'2025-04-09T17:46:17.081310507',NULL,5,78),(570,'2025-04-09T17:46:18.491613836',NULL,5,77),(571,'2025-04-09T17:46:19.115017420',NULL,7,13),(572,'2025-04-09T17:46:19.512194610',NULL,5,76),(573,'2025-04-09T17:46:21.012521422',NULL,5,75),(574,'2025-04-09T17:46:22.072898651',NULL,5,74),(575,'2025-04-09T17:46:23.889656670',NULL,5,73),(576,'2025-04-09T17:46:25.081365274',NULL,5,72),(577,'2025-04-09T17:46:27.109504584',NULL,5,71),(578,'2025-04-09T17:46:27.867290513',NULL,8,83),(579,'2025-04-09T17:46:27.877276504',NULL,8,81),(580,'2025-04-09T17:46:27.877271796',NULL,8,82),(581,'2025-04-09T17:46:27.928871842',NULL,8,79),(582,'2025-04-09T17:46:27.930454702',NULL,8,80),(583,'2025-04-09T17:46:28.821250895',NULL,5,70),(584,'2025-04-09T17:46:30.581427572',NULL,5,69),(585,'2025-04-09T17:46:30.803563785',NULL,7,13),(586,'2025-04-09T17:46:32.309563516',NULL,5,68),(587,'2025-04-09T17:46:33.861994601',NULL,5,67),(588,'2025-04-09T17:46:35.211631004',NULL,5,66),(589,'2025-04-09T17:46:37.851299378',NULL,5,65),(590,'2025-04-09T17:46:39.002089369',NULL,5,64),(591,'2025-04-09T17:46:40.041532580',NULL,5,63),(592,'2025-04-09T17:46:41.221563229',NULL,5,62),(593,'2025-04-09T17:46:42.376931532',NULL,7,13),(594,'2025-04-09T17:46:42.421562962',NULL,5,61),(595,'2025-04-09T17:46:43.731256284',NULL,5,60),(596,'2025-04-09T17:46:46.299794695',NULL,5,59),(597,'2025-04-09T17:46:46.908333157',NULL,5,58),(598,'2025-04-09T17:46:47.994887882',NULL,7,13),(599,'2025-04-09T17:46:50.796629740',NULL,7,13),(600,'2025-04-09T17:46:51.243158884',NULL,5,57),(601,'2025-04-09T17:46:54.412096259',NULL,5,56),(602,'2025-04-09T17:46:56.303398651',NULL,5,55),(603,'2025-04-09T17:46:57.940892556',NULL,5,54),(604,'2025-04-09T17:46:59.934282301',NULL,5,53),(605,'2025-04-09T17:47:01.673095063',NULL,5,52),(606,'2025-04-09T17:47:03.062183408',NULL,5,51),(607,'2025-04-09T17:47:05.132587773',NULL,5,50),(608,'2025-04-09T17:47:06.641287091',NULL,5,49),(609,'2025-04-09T17:47:08.317276989',NULL,5,48),(610,'2025-04-09T17:47:10.203453074',NULL,5,47),(611,'2025-04-09T17:47:11.542810716',NULL,5,46),(612,'2025-04-09T17:47:13.202256452',NULL,5,45),(613,'2025-04-09T17:47:16.201566235',NULL,5,44),(614,'2025-04-09T17:47:18.594279169',NULL,5,43),(615,'2025-04-09T17:47:20.223084657',NULL,5,42),(616,'2025-04-09T17:47:22.073206576',NULL,5,41),(617,'2025-04-09T17:47:23.736331206',NULL,5,40),(618,'2025-04-09T17:47:25.133153716',NULL,5,39),(619,'2025-04-09T17:47:26.822305762',NULL,5,38),(620,'2025-04-09T17:47:30.882355320',NULL,5,37),(621,'2025-04-09T17:47:32.301326361',NULL,5,36),(622,'2025-04-09T17:47:35.003120386',NULL,5,35),(623,'2025-04-09T17:47:36.592171185',NULL,5,34),(624,'2025-04-09T17:47:37.872690927',NULL,5,33),(625,'2025-04-09T17:47:39.577570209',NULL,5,32),(626,'2025-04-09T17:47:40.962616467',NULL,5,31),(627,'2025-04-09T17:47:42.112865969',NULL,5,30),(628,'2025-04-09T17:47:43.642445750',NULL,5,29),(629,'2025-04-09T17:47:45.732002187',NULL,5,28),(630,'2025-04-09T17:47:47.702781670',NULL,5,27),(631,'2025-04-09T17:47:51.667227948',NULL,5,26),(632,'2025-04-09T17:47:52.802256129',NULL,5,25),(633,'2025-04-09T17:47:54.522644818',NULL,5,24),(634,'2025-04-09T17:47:56.177698879',NULL,5,23),(635,'2025-04-09T17:47:57.383010023',NULL,5,22),(636,'2025-04-09T17:47:58.410485633',NULL,5,21),(637,'2025-04-09T17:47:59.722622630',NULL,5,20),(638,'2025-04-09T17:48:01.112679484',NULL,5,19),(639,'2025-04-09T17:48:02.562699942',NULL,5,18),(640,'2025-04-09T17:48:04.821071333',NULL,5,17),(641,'2025-04-09T17:48:06.846898850',NULL,5,16),(642,'2025-04-09T17:48:08.587354982',NULL,8,83),(643,'2025-04-09T17:48:08.600556307',NULL,8,81),(644,'2025-04-09T17:48:08.625284604',NULL,8,79),(645,'2025-04-09T17:48:08.639147585',NULL,8,82),(646,'2025-04-09T17:48:08.657502817',NULL,8,80),(647,'2025-04-09T17:48:13.101895703',NULL,5,15),(648,'2025-04-09T17:48:14.909464121',NULL,5,14),(649,'2025-04-09T17:48:17.150339459',NULL,5,13),(650,'2025-04-09T17:48:18.672281389',NULL,5,12),(651,'2025-04-09T17:48:20.780247551',NULL,5,11),(652,'2025-04-09T17:48:22.715169741',NULL,5,10),(653,'2025-04-09T17:48:24.783952646',NULL,5,9),(654,'2025-04-09T17:48:27.592329172',NULL,5,8),(655,'2025-04-09T17:48:28.944472691',NULL,5,7),(656,'2025-04-09T17:48:29.991704707',NULL,5,6),(657,'2025-04-09T17:48:37.089489833',NULL,7,80),(658,'2025-04-09T17:48:37.090200495',NULL,7,82),(659,'2025-04-09T17:48:37.091000893',NULL,7,81),(660,'2025-04-09T17:48:37.091707647',NULL,7,83),(661,'2025-04-09T17:48:37.105213381',NULL,7,79),(662,'2025-04-09T17:48:37.561817873',NULL,5,5),(663,'2025-04-09T17:48:40.302389672',NULL,5,4),(664,'2025-04-09T17:48:41.721820322',NULL,5,3),(665,'2025-04-09T17:48:43.579303123',NULL,5,2),(666,'2025-04-09T17:48:45.292097227',NULL,5,1),(667,'2025-04-09T17:49:26.208014526',NULL,3,47),(668,'2025-04-09T17:49:27.004275232',NULL,3,47),(669,'2025-04-09T17:49:31.605848976',NULL,3,77),(670,'2025-04-09T17:49:36.381809342',NULL,3,77),(671,'2025-04-09T17:49:36.541343870',NULL,3,77),(672,'2025-04-09T17:49:36.636551229',NULL,5,83),(673,'2025-04-09T17:49:36.637671334',NULL,5,82),(674,'2025-04-09T17:49:36.645991658',NULL,5,81),(675,'2025-04-09T17:49:36.833832524',NULL,5,80),(676,'2025-04-09T17:49:36.833835069',NULL,5,79),(677,'2025-04-09T17:49:37.795054309',NULL,3,77),(678,'2025-04-09T17:49:37.887747429',NULL,3,77),(679,'2025-04-09T17:49:44.947699729',NULL,3,15),(680,'2025-04-09T17:49:58.171877577',NULL,5,83),(681,'2025-04-09T17:49:58.171883918',NULL,5,81),(682,'2025-04-09T17:49:58.176345548',NULL,5,82),(683,'2025-04-09T17:49:58.176705006',NULL,5,79),(684,'2025-04-09T17:49:58.177196137',NULL,5,80),(685,'2025-04-09T17:50:00.757497689',NULL,7,83),(686,'2025-04-09T17:50:00.757574326',NULL,7,81),(687,'2025-04-09T17:50:00.758614860',NULL,7,80),(688,'2025-04-09T17:50:00.759690280',NULL,7,79),(689,'2025-04-09T17:50:00.760803007',NULL,7,82),(690,'2025-04-09T17:50:03.673817701',NULL,7,83),(691,'2025-04-09T17:50:03.673758639',NULL,7,81),(692,'2025-04-09T17:50:03.673758639',NULL,7,82),(693,'2025-04-09T17:50:03.673795154',NULL,7,80),(694,'2025-04-09T17:50:03.686092241',NULL,7,79),(695,'2025-04-09T17:50:50.804687719',NULL,3,77),(696,'2025-04-09T17:50:55.700453148',NULL,8,83),(697,'2025-04-09T17:50:55.709675922',NULL,8,82),(698,'2025-04-09T17:50:55.717702669',NULL,8,79),(699,'2025-04-09T17:50:55.766062427',NULL,8,81),(700,'2025-04-09T17:50:55.775580410',NULL,8,80),(701,'2025-04-09T17:51:04.627213641',NULL,7,81),(702,'2025-04-09T17:51:04.627795120',NULL,7,79),(703,'2025-04-09T17:51:04.627859681',NULL,7,80),(704,'2025-04-09T17:51:04.628742864',NULL,7,83),(705,'2025-04-09T17:51:04.628505601',NULL,7,82),(706,'2025-04-09T17:51:07.033038935',NULL,7,83),(707,'2025-04-09T17:51:10.716227366',NULL,5,82),(708,'2025-04-09T17:51:10.716109532',NULL,5,83),(709,'2025-04-09T17:51:10.716563077',NULL,5,80),(710,'2025-04-09T17:51:10.718496356',NULL,5,81),(711,'2025-04-09T17:51:10.721696708',NULL,5,79),(712,'2025-04-09T17:51:50.035372470',NULL,8,82),(713,'2025-04-09T17:51:50.040162086',NULL,8,81),(714,'2025-04-09T17:51:50.040855297',NULL,8,83),(715,'2025-04-09T17:51:50.092862985',NULL,8,80),(716,'2025-04-09T17:51:50.108637722',NULL,8,79),(717,'2025-04-09T17:52:03.909468849',NULL,5,83),(718,'2025-04-09T17:52:03.909468849',NULL,5,82),(719,'2025-04-09T17:52:03.909737039',NULL,5,79),(720,'2025-04-09T17:52:03.909563691',NULL,5,80),(721,'2025-04-09T17:52:03.910209014',NULL,5,81),(722,'2025-04-09T17:52:20.037069396',NULL,3,39),(723,'2025-04-09T17:52:23.884978560',NULL,7,83),(724,'2025-04-09T17:52:36.876298953',NULL,8,83),(725,'2025-04-09T17:52:36.876299942',NULL,8,82),(726,'2025-04-09T17:52:36.896297685',NULL,8,80),(727,'2025-04-09T17:52:36.961920595',NULL,8,81),(728,'2025-04-09T17:52:36.965557154',NULL,8,79),(729,'2025-04-09T17:52:37.986096425',NULL,7,83),(730,'2025-04-09T17:52:42.997367011',NULL,7,83),(731,'2025-04-09T17:52:54.627239112',NULL,7,83),(732,'2025-04-09T17:53:42.768263083',NULL,5,83),(733,'2025-04-09T17:53:42.768496689',NULL,5,82),(734,'2025-04-09T17:53:42.777457838',NULL,5,79),(735,'2025-04-09T17:53:42.777711346',NULL,5,81),(736,'2025-04-09T17:53:42.919958932',NULL,5,80),(737,'2025-04-09T17:53:45.693581839',NULL,5,84),(738,'2025-04-09T17:53:45.696849587',NULL,5,85),(739,'2025-04-09T17:53:45.697057037',NULL,5,83),(740,'2025-04-09T17:53:45.702557138',NULL,5,82),(741,'2025-04-09T17:53:45.702935647',NULL,5,81),(742,'2025-04-09T17:53:56.731272797',NULL,7,83),(743,'2025-04-09T17:54:11.702768172',NULL,5,85),(744,'2025-04-09T17:54:11.702837833',NULL,5,83),(745,'2025-04-09T17:54:11.702768172',NULL,5,84),(746,'2025-04-09T17:54:11.703349438',NULL,5,82),(747,'2025-04-09T17:54:11.703835037',NULL,5,81),(748,'2025-04-09T17:54:27.741178585',NULL,3,85),(749,'2025-04-09T17:54:32.107761530',NULL,8,83),(750,'2025-04-09T17:54:32.109867983',NULL,8,81),(751,'2025-04-09T17:54:32.120563361',NULL,8,80),(752,'2025-04-09T17:54:32.166844016',NULL,8,79),(753,'2025-04-09T17:54:32.176355310',NULL,8,82),(754,'2025-04-09T17:54:45.299966161',NULL,3,77),(755,'2025-04-09T18:09:00.798404820',NULL,5,83),(756,'2025-04-09T18:09:00.869170737',NULL,5,82),(757,'2025-04-09T18:09:00.907797374',NULL,5,81),(758,'2025-04-09T18:45:18.506741337',NULL,7,83),(759,'2025-04-09T18:45:18.506735134',NULL,7,82),(760,'2025-04-09T18:45:18.604354235',NULL,7,79),(761,'2025-04-09T18:45:19.106652903',NULL,7,81),(762,'2025-04-09T18:45:19.107461826',NULL,7,80),(763,'2025-04-09T18:45:32.769842162',NULL,7,68),(764,'2025-04-09T18:45:52.273650698',NULL,7,68),(765,'2025-04-09T18:46:07.022606913',NULL,7,13),(766,'2025-04-09T18:46:12.042603661',NULL,7,8),(767,'2025-04-09T18:46:16.073897159',NULL,7,52),(768,'2025-04-09T18:46:52.464050477',NULL,7,63),(769,'2025-04-09T18:47:09.899024803',NULL,7,68),(770,'2025-04-09T18:47:13.416760570',NULL,7,63),(771,'2025-04-09T18:47:16.638975405',NULL,7,63),(772,'2025-04-09T18:58:44.637461541',NULL,6,82),(773,'2025-04-09T18:58:44.638969915',NULL,6,81),(774,'2025-04-09T18:58:44.639990228',NULL,6,83),(775,'2025-04-09T18:58:44.691796231',NULL,6,80),(776,'2025-04-09T18:58:44.693670538',NULL,6,79),(777,'2025-04-09T18:59:30.336193794',NULL,6,82),(778,'2025-04-09T18:59:36.744475496',NULL,6,77),(779,'2025-04-09T18:59:39.205073996',NULL,6,61),(780,'2025-04-09T18:59:42.207404984',NULL,6,60),(781,'2025-04-09T18:59:46.843914040',NULL,6,60),(782,'2025-04-09T19:01:32.641611212',NULL,6,82),(783,'2025-04-09T19:01:34.849846032',NULL,6,75),(784,'2025-04-09T19:01:37.364583349',NULL,6,26),(785,'2025-04-09T19:01:39.239474888',NULL,6,22),(786,'2025-04-09T19:01:41.641656536',NULL,6,21),(787,'2025-04-09T19:01:43.753067461',NULL,6,61),(788,'2025-04-09T19:01:45.686158275',NULL,6,56),(789,'2025-04-09T19:01:49.826331502',NULL,6,75),(790,'2025-04-09T19:01:52.326653306',NULL,6,76),(791,'2025-04-09T19:01:54.468988701',NULL,6,82),(792,'2025-04-09T19:01:58.978816610',NULL,6,16),(793,'2025-04-09T19:02:00.381435091',NULL,6,22),(794,'2025-04-09T19:03:43.680703310',NULL,6,83),(795,'2025-04-09T19:03:43.739416076',NULL,6,79),(796,'2025-04-09T19:03:43.803613821',NULL,6,80),(797,'2025-04-09T19:03:43.805029911',NULL,6,82),(798,'2025-04-09T19:03:43.806624286',NULL,6,81),(799,'2025-04-09T19:03:44.377876183',NULL,6,5),(800,'2025-04-09T19:03:48.190979186',NULL,6,5),(801,'2025-04-09T19:04:01.328938002',NULL,6,82),(802,'2025-04-09T19:04:51.803941150',NULL,6,13),(803,'2025-04-09T19:04:55.496432577',NULL,6,8),(804,'2025-04-09T19:46:06.811202769',NULL,7,73),(805,'2025-04-09T19:46:12.252458351',NULL,8,83),(806,'2025-04-09T19:46:12.252440869',NULL,8,79),(807,'2025-04-09T19:46:12.300023803',NULL,8,82),(808,'2025-04-09T19:46:12.364730193',NULL,8,80),(809,'2025-04-09T19:46:12.415993042',NULL,8,81),(810,'2025-04-09T19:55:08.399394094',NULL,8,83),(811,'2025-04-09T19:55:08.405612669',NULL,8,81),(812,'2025-04-09T19:55:08.407975797',NULL,8,82),(813,'2025-04-09T19:55:08.433790272',NULL,8,80),(814,'2025-04-09T19:55:08.435112651',NULL,8,79),(815,'2025-04-09T20:06:34.058292400',NULL,8,85),(816,'2025-04-09T20:13:41.197506608',NULL,8,83),(817,'2025-04-09T20:13:41.200731329',NULL,8,82),(818,'2025-04-09T20:13:41.271019564',NULL,8,79),(819,'2025-04-09T20:13:41.271612156',NULL,8,80),(820,'2025-04-09T20:13:41.288617820',NULL,8,81),(821,'2025-04-09T20:31:05.649334931',NULL,8,83),(822,'2025-04-09T20:31:05.649345911',NULL,8,80),(823,'2025-04-09T20:31:05.651266889',NULL,8,82),(824,'2025-04-09T20:31:05.748646792',NULL,8,81),(825,'2025-04-09T20:31:05.751655406',NULL,8,79),(826,'2025-04-09T21:56:56.241492742',NULL,5,83),(827,'2025-04-09T21:56:56.243669807',NULL,5,82),(828,'2025-04-09T21:56:56.245051044',NULL,5,81),(829,'2025-04-09T21:56:56.243667006',NULL,5,80),(830,'2025-04-09T21:56:56.252473044',NULL,5,79),(831,'2025-04-09T21:57:17.507473685',NULL,5,98),(832,'2025-04-09T21:57:26.095597408',NULL,5,73),(833,'2025-04-09T21:57:27.762924590',NULL,5,98),(834,'2025-04-09T21:57:35.627518275',NULL,5,96),(835,'2025-04-09T21:57:36.278525455',NULL,5,73),(836,'2025-04-09T21:57:38.601478190',NULL,5,95),(837,'2025-04-09T21:57:50.884306870',NULL,5,94),(838,'2025-04-09T21:57:55.623943193',NULL,5,73),(839,'2025-04-09T21:57:57.940223158',NULL,5,94),(840,'2025-04-09T21:58:02.419545236',NULL,5,84),(841,'2025-04-09T21:58:04.851867064',NULL,5,82),(842,'2025-04-09T21:58:04.851823482',NULL,5,83),(843,'2025-04-09T21:58:04.854993783',NULL,5,81),(844,'2025-04-09T21:58:04.857852581',NULL,5,79),(845,'2025-04-09T21:58:04.862010750',NULL,5,80),(846,'2025-04-09T21:58:07.746334513',NULL,5,96),(847,'2025-04-09T21:58:07.746298625',NULL,5,94),(848,'2025-04-09T21:58:07.746346099',NULL,5,98),(849,'2025-04-09T21:58:07.746960911',NULL,5,95),(850,'2025-04-09T21:58:07.747324230',NULL,5,85),(851,'2025-04-09T21:58:11.520370093',NULL,5,95),(852,'2025-04-09T21:58:11.520413920',NULL,5,85),(853,'2025-04-09T21:58:11.522439369',NULL,5,96),(854,'2025-04-09T21:58:11.523716753',NULL,5,98),(855,'2025-04-09T21:58:11.524706905',NULL,5,94),(856,'2025-04-09T21:58:19.231395847',NULL,5,83),(857,'2025-04-09T21:58:19.231255873',NULL,5,81),(858,'2025-04-09T21:58:19.232461253',NULL,5,80),(859,'2025-04-09T21:58:19.234191330',NULL,5,82),(860,'2025-04-09T21:58:19.234886861',NULL,5,79),(861,'2025-04-09T21:58:21.261761769',NULL,5,80),(862,'2025-04-09T21:58:21.262443663',NULL,5,79),(863,'2025-04-09T21:58:21.263942479',NULL,5,82),(864,'2025-04-09T21:58:21.264977311',NULL,5,83),(865,'2025-04-09T21:58:21.266499306',NULL,5,81),(866,'2025-04-09T21:58:23.452838801',NULL,5,94),(867,'2025-04-09T21:58:23.452838801',NULL,5,98),(868,'2025-04-09T21:58:23.452844115',NULL,5,85),(869,'2025-04-09T21:58:23.453030270',NULL,5,95),(870,'2025-04-09T21:58:23.454889941',NULL,5,96),(871,'2025-04-09T21:58:26.576724328',NULL,5,98),(872,'2025-04-09T21:58:26.576724328',NULL,5,94),(873,'2025-04-09T21:58:26.576761396',NULL,5,95),(874,'2025-04-09T21:58:26.582010802',NULL,5,96),(875,'2025-04-09T21:58:26.582680929',NULL,5,85),(876,'2025-04-09T21:58:27.678003948',NULL,5,94),(877,'2025-04-09T21:58:27.678164499',NULL,5,85),(878,'2025-04-09T21:58:27.678725410',NULL,5,96),(879,'2025-04-09T21:58:27.680006676',NULL,5,98),(880,'2025-04-09T21:58:27.681393903',NULL,5,95),(881,'2025-04-09T21:58:33.915360138',NULL,5,94),(882,'2025-04-09T21:58:33.916113301',NULL,5,96),(883,'2025-04-09T21:58:33.916400015',NULL,5,85),(884,'2025-04-09T21:58:33.918359938',NULL,5,95),(885,'2025-04-09T21:58:33.919021673',NULL,5,98),(886,'2025-04-09T22:04:42.343749073',NULL,5,94),(887,'2025-04-09T22:04:42.344145223',NULL,5,98),(888,'2025-04-09T22:04:42.344848234',NULL,5,85),(889,'2025-04-09T22:04:42.346964655',NULL,5,96),(890,'2025-04-09T22:04:42.347408286',NULL,5,95),(891,'2025-04-09T22:07:16.067560974',NULL,9,83),(892,'2025-04-09T22:07:16.072551839',NULL,9,81),(893,'2025-04-09T22:07:16.077378009',NULL,9,79),(894,'2025-04-09T22:07:16.109303983',NULL,9,80),(895,'2025-04-09T22:07:16.111872084',NULL,9,82),(896,'2025-04-09T22:07:21.054799548',NULL,9,83),(897,'2025-04-09T22:07:21.055070819',NULL,9,82),(898,'2025-04-09T22:07:21.056371015',NULL,9,80),(899,'2025-04-09T22:07:21.057824363',NULL,9,81),(900,'2025-04-09T22:07:21.075781569',NULL,9,79),(901,'2025-04-09T22:07:25.359359279',NULL,9,83),(902,'2025-04-09T22:07:25.359359279',NULL,9,81),(903,'2025-04-09T22:07:25.360388502',NULL,9,80),(904,'2025-04-09T22:07:25.362968379',NULL,9,82),(905,'2025-04-09T22:07:25.367963795',NULL,9,79),(906,'2025-04-09T22:07:28.208171998',NULL,9,82),(907,'2025-04-09T22:07:28.208173779',NULL,9,79),(908,'2025-04-09T22:07:28.208169790',NULL,9,81),(909,'2025-04-09T22:07:28.210042075',NULL,9,83),(910,'2025-04-09T22:07:28.211043490',NULL,9,80),(911,'2025-04-09T22:08:00.724693856',NULL,9,79),(912,'2025-04-09T22:08:00.724429690',NULL,9,81),(913,'2025-04-09T22:08:00.725652657',NULL,9,80),(914,'2025-04-09T22:08:00.729306998',NULL,9,83),(915,'2025-04-09T22:08:00.733519002',NULL,9,82),(916,'2025-04-09T22:08:48.234005927',NULL,9,82),(917,'2025-04-09T22:08:48.233953422',NULL,9,79),(918,'2025-04-09T22:08:48.233953422',NULL,9,81),(919,'2025-04-09T22:08:48.234204832',NULL,9,80),(920,'2025-04-09T22:08:48.236459735',NULL,9,83),(921,'2025-04-09T22:09:13.113575113',NULL,9,3),(922,'2025-04-09T22:09:13.254526866',NULL,9,3),(923,'2025-04-09T22:09:17.207532787',NULL,9,3),(924,'2025-04-09T22:09:24.438013949',NULL,9,3),(925,'2025-04-09T22:09:24.559449824',NULL,9,3),(926,'2025-04-09T22:09:34.033386387',NULL,9,3),(927,'2025-04-09T22:09:41.429058650',NULL,9,3),(928,'2025-04-09T22:09:50.752631685',NULL,9,3),(929,'2025-04-09T22:10:48.045442067',NULL,9,82),(930,'2025-04-09T22:10:56.999027482',NULL,9,82),(931,'2025-04-09T22:10:57.123285200',NULL,9,82),(932,'2025-04-09T22:13:36.968845665',NULL,9,83),(933,'2025-04-09T22:13:36.968970700',NULL,9,81),(934,'2025-04-09T22:13:37.040565770',NULL,9,80),(935,'2025-04-09T22:13:37.040565770',NULL,9,82),(936,'2025-04-09T22:13:37.041303125',NULL,9,79),(937,'2025-04-09T22:13:41.519035251',NULL,9,79),(938,'2025-04-09T22:13:41.519282517',NULL,9,81),(939,'2025-04-09T22:13:41.520589083',NULL,9,82),(940,'2025-04-09T22:13:41.518772871',NULL,9,83),(941,'2025-04-09T22:13:41.522557226',NULL,9,80),(942,'2025-04-09T22:14:08.081580171',NULL,9,3),(943,'2025-04-09T22:14:08.217801666',NULL,9,3),(944,'2025-04-09T22:14:26.955073059',NULL,9,67),(945,'2025-04-09T22:14:27.091384357',NULL,9,67),(946,'2025-04-09T22:14:56.872786255',NULL,9,82),(947,'2025-04-09T22:14:57.020680842',NULL,9,82),(948,'2025-04-09T22:15:11.032565835',NULL,9,82),(949,'2025-04-09T22:15:11.172973776',NULL,9,82),(950,'2025-04-09T22:15:52.477303210',NULL,9,83),(951,'2025-04-09T22:15:52.477293826',NULL,9,80),(952,'2025-04-09T22:15:52.478194813',NULL,9,82),(953,'2025-04-09T22:15:52.480629954',NULL,9,81),(954,'2025-04-09T22:15:52.481185791',NULL,9,79),(955,'2025-04-09T22:16:14.416454522',NULL,9,21),(956,'2025-04-09T22:16:17.068733175',NULL,9,16),(957,'2025-04-09T22:16:20.038151985',NULL,9,37),(958,'2025-04-09T22:16:22.636814378',NULL,9,26),(959,'2025-04-09T22:16:25.228935504',NULL,9,15),(960,'2025-04-09T22:16:28.624582418',NULL,9,41),(961,'2025-04-09T22:35:26.429739779',NULL,9,83),(962,'2025-04-09T22:35:26.475120290',NULL,9,81),(963,'2025-04-09T22:35:26.478247777',NULL,9,82),(964,'2025-04-09T22:35:26.480349646',NULL,9,80),(965,'2025-04-09T22:35:26.482583601',NULL,9,79),(966,'2025-04-09T22:35:40.380518004',NULL,9,13),(967,'2025-04-09T22:35:43.309081088',NULL,9,8),(968,'2025-04-09T22:35:45.759878634',NULL,9,12),(969,'2025-04-09T22:35:48.205687455',NULL,9,9),(970,'2025-04-09T22:40:36.995200232',NULL,9,82),(971,'2025-04-09T22:40:36.995206016',NULL,9,83),(972,'2025-04-09T22:40:37.291822386',NULL,9,80),(973,'2025-04-09T22:40:37.291858949',NULL,9,79),(974,'2025-04-09T22:40:37.421512859',NULL,9,81),(975,'2025-04-09T22:40:40.345006578',NULL,9,10),(976,'2025-04-09T22:40:45.373615306',NULL,9,83),(977,'2025-04-09T22:40:45.374283119',NULL,9,79),(978,'2025-04-09T22:40:45.376072609',NULL,9,82),(979,'2025-04-09T22:40:45.376257664',NULL,9,80),(980,'2025-04-09T22:40:45.378390411',NULL,9,81),(981,'2025-04-09T22:40:57.534026173',NULL,9,81),(982,'2025-04-09T22:40:57.533874001',NULL,9,80),(983,'2025-04-09T22:40:57.534202912',NULL,9,83),(984,'2025-04-09T22:40:57.534173515',NULL,9,79),(985,'2025-04-09T22:40:57.535918046',NULL,9,82),(986,'2025-04-09T22:41:19.060605950',NULL,9,82),(987,'2025-04-09T22:41:19.060553814',NULL,9,83),(988,'2025-04-09T22:41:19.061563268',NULL,9,81),(989,'2025-04-09T22:41:19.062427851',NULL,9,79),(990,'2025-04-09T22:41:19.062564174',NULL,9,80),(991,'2025-04-09T22:41:51.871245614',NULL,9,3),(992,'2025-04-09T22:42:10.075227694',NULL,9,3),(993,'2025-04-09T22:42:24.305533632',NULL,9,83),(994,'2025-04-09T22:42:24.305533632',NULL,9,82),(995,'2025-04-09T22:42:24.306786412',NULL,9,79),(996,'2025-04-09T22:42:24.309237391',NULL,9,81),(997,'2025-04-09T22:42:24.312472030',NULL,9,80),(998,'2025-04-09T22:42:32.034738660',NULL,9,82),(999,'2025-04-09T22:42:32.169973023',NULL,9,82),(1000,'2025-04-09T22:42:54.116235678',NULL,9,82),(1001,'2025-04-09T22:42:54.253681214',NULL,9,82),(1002,'2025-04-09T22:48:43.576790639',NULL,9,82),(1003,'2025-04-09T22:48:43.638303321',NULL,9,80),(1004,'2025-04-09T22:48:43.638307899',NULL,9,83),(1005,'2025-04-09T22:48:43.638303321',NULL,9,81),(1006,'2025-04-09T22:48:43.638296258',NULL,9,79),(1007,'2025-04-09T22:48:50.725630582',NULL,9,81),(1008,'2025-04-09T22:48:50.725934051',NULL,9,82),(1009,'2025-04-09T22:48:50.726061648',NULL,9,79),(1010,'2025-04-09T22:48:50.727872628',NULL,9,83),(1011,'2025-04-09T22:48:50.730362562',NULL,9,80),(1012,'2025-04-09T22:49:23.140449504',NULL,9,3),(1013,'2025-04-09T22:49:24.032016582',NULL,9,10),(1014,'2025-04-09T22:49:25.416877305',NULL,9,9),(1015,'2025-04-09T22:49:28.153249355',NULL,9,3),(1016,'2025-04-09T22:50:05.097345632',NULL,9,3),(1017,'2025-04-09T22:50:10.784313486',NULL,9,3),(1018,'2025-04-09T22:50:23.705099071',NULL,9,10),(1019,'2025-04-09T22:50:25.262392697',NULL,9,3),(1020,'2025-04-09T22:50:27.243564193',NULL,9,82),(1021,'2025-04-09T22:50:27.243564193',NULL,9,80),(1022,'2025-04-09T22:50:27.245265856',NULL,9,81),(1023,'2025-04-09T22:50:27.245607576',NULL,9,83),(1024,'2025-04-09T22:50:27.256007052',NULL,9,79),(1025,'2025-04-09T22:50:43.907082212',NULL,9,82),(1026,'2025-04-09T22:50:44.032189033',NULL,9,82),(1027,'2025-04-09T22:50:50.393281970',NULL,9,67),(1028,'2025-04-09T22:50:50.529687845',NULL,9,67),(1029,'2025-04-09T22:50:59.077469944',NULL,9,3),(1030,'2025-04-09T22:50:59.239503938',NULL,9,3),(1031,'2025-04-09T22:51:33.420109388',NULL,9,82),(1032,'2025-04-09T22:51:47.063015543',NULL,9,3),(1033,'2025-04-09T22:51:58.832002588',NULL,9,83),(1034,'2025-04-09T22:51:58.833303108',NULL,9,80),(1035,'2025-04-09T22:51:58.834994037',NULL,9,81),(1036,'2025-04-09T22:51:58.835367395',NULL,9,82),(1037,'2025-04-09T22:51:58.838942984',NULL,9,79),(1038,'2025-04-09T22:52:35.048837893',NULL,9,3),(1039,'2025-04-09T22:52:43.682601243',NULL,9,3),(1040,'2025-04-09T22:52:50.324216095',NULL,9,3),(1041,'2025-04-09T22:52:51.838016109',NULL,9,82),(1042,'2025-04-09T22:54:25.957779862',NULL,9,81),(1043,'2025-04-09T22:54:25.957966221',NULL,9,83),(1044,'2025-04-09T22:54:25.958988442',NULL,9,82),(1045,'2025-04-09T22:54:25.959116091',NULL,9,80),(1046,'2025-04-09T22:54:25.973950299',NULL,9,79),(1047,'2025-04-09T22:54:54.374338825',NULL,9,3),(1048,'2025-04-09T22:55:06.049216249',NULL,9,3),(1049,'2025-04-09T22:55:16.333606702',NULL,9,83),(1050,'2025-04-09T22:55:16.333606702',NULL,9,80),(1051,'2025-04-09T22:55:16.335527215',NULL,9,81),(1052,'2025-04-09T22:55:16.342285360',NULL,9,82),(1053,'2025-04-09T22:55:16.343154334',NULL,9,79),(1054,'2025-04-09T22:55:43.298162707',NULL,9,3),(1055,'2025-04-09T22:55:49.211860565',NULL,9,3),(1056,'2025-04-09T22:55:53.003316992',NULL,9,3),(1057,'2025-04-09T22:56:56.308702547',NULL,9,67),(1058,'2025-04-09T22:57:15.306005472',NULL,9,82),(1059,'2025-04-09T22:57:23.346671155',NULL,9,82),(1060,'2025-04-09T22:57:26.043024829',NULL,9,82),(1061,'2025-04-09T22:57:32.353090485',NULL,9,21),(1062,'2025-04-09T23:00:11.731043120',NULL,9,3),(1063,'2025-04-09T23:00:11.889621983',NULL,9,3),(1064,'2025-04-09T23:00:25.577300615',NULL,9,67),(1065,'2025-04-09T23:00:25.711318677',NULL,9,67),(1066,'2025-04-09T23:00:36.860733969',NULL,9,82),(1067,'2025-04-09T23:00:36.995803874',NULL,9,82),(1068,'2025-04-09T23:43:34.616316104',NULL,9,77),(1069,'2025-04-09T23:43:34.824935835',NULL,9,77),(1070,'2025-04-09T23:43:37.690069447',NULL,9,83),(1071,'2025-04-09T23:43:37.735265330',NULL,9,81),(1072,'2025-04-09T23:43:37.735929623',NULL,9,82),(1073,'2025-04-09T23:43:37.752802066',NULL,9,80),(1074,'2025-04-09T23:43:37.754517399',NULL,9,79),(1075,'2025-04-09T23:43:43.668836518',NULL,9,2),(1076,'2025-04-09T23:43:43.794098645',NULL,9,2),(1077,'2025-04-09T23:44:31.157589692',NULL,9,28),(1078,'2025-04-09T23:44:31.274251360',NULL,9,28),(1079,'2025-04-09T23:44:36.486418246',NULL,9,5),(1080,'2025-04-09T23:44:36.610119393',NULL,9,5),(1081,'2025-04-09T23:44:43.505500249',NULL,9,12),(1082,'2025-04-09T23:44:43.632489302',NULL,9,12),(1083,'2025-04-09T23:44:50.985933726',NULL,9,11),(1084,'2025-04-09T23:44:51.119223642',NULL,9,11),(1085,'2025-04-09T23:44:54.590610026',NULL,9,45),(1086,'2025-04-09T23:44:54.723635300',NULL,9,45),(1087,'2025-04-09T23:45:02.872659940',NULL,9,9),(1088,'2025-04-09T23:45:03.010104826',NULL,9,9),(1089,'2025-04-09T23:45:06.935792604',NULL,9,8),(1090,'2025-04-09T23:45:07.076987822',NULL,9,8),(1091,'2025-04-09T23:45:10.359096982',NULL,9,72),(1092,'2025-04-09T23:45:10.632069425',NULL,9,72),(1093,'2025-04-09T23:45:14.255164175',NULL,9,13),(1094,'2025-04-09T23:45:14.529636402',NULL,9,13),(1095,'2025-04-09T23:45:17.484933630',NULL,9,72),(1096,'2025-04-09T23:45:17.607108449',NULL,9,72),(1097,'2025-04-09T23:45:32.335064564',NULL,9,81),(1098,'2025-04-09T23:45:32.335412301',NULL,9,82),(1099,'2025-04-09T23:45:32.336066849',NULL,9,83),(1100,'2025-04-09T23:45:32.336218923',NULL,9,80),(1101,'2025-04-09T23:45:32.353695879',NULL,9,79),(1102,'2025-04-09T23:46:03.219363398',NULL,9,13),(1103,'2025-04-09T23:46:03.349872872',NULL,9,13),(1104,'2025-04-09T23:53:51.152208993',NULL,9,82),(1105,'2025-04-09T23:53:51.293874779',NULL,9,82),(1106,'2025-04-10T09:10:44.330895642',NULL,9,83),(1107,'2025-04-10T09:10:44.391972528',NULL,9,79),(1108,'2025-04-10T09:10:44.479737479',NULL,9,80),(1109,'2025-04-10T09:10:44.482090355',NULL,9,82),(1110,'2025-04-10T09:10:44.491778265',NULL,9,81),(1111,'2025-04-10T09:10:49.379876392',NULL,9,83),(1112,'2025-04-10T09:10:49.379748410',NULL,9,82),(1113,'2025-04-10T09:10:49.380769666',NULL,9,80),(1114,'2025-04-10T09:10:49.392443505',NULL,9,79),(1115,'2025-04-10T09:10:49.394890837',NULL,9,81),(1116,'2025-04-10T09:11:32.614395691',NULL,9,82),(1117,'2025-04-10T09:11:32.640470798',NULL,9,80),(1118,'2025-04-10T09:11:32.641102634',NULL,9,83),(1119,'2025-04-10T09:11:32.641358048',NULL,9,81),(1120,'2025-04-10T09:11:32.641634047',NULL,9,79),(1121,'2025-04-10T09:11:35.898274721',NULL,9,82),(1122,'2025-04-10T09:11:35.898270959',NULL,9,83),(1123,'2025-04-10T09:11:35.899434722',NULL,9,79),(1124,'2025-04-10T09:11:35.899566636',NULL,9,81),(1125,'2025-04-10T09:11:35.920413256',NULL,9,80),(1126,'2025-04-10T09:12:07.278895384',NULL,9,83),(1127,'2025-04-10T09:12:07.279606717',NULL,9,82),(1128,'2025-04-10T09:12:07.281426156',NULL,9,81),(1129,'2025-04-10T09:12:07.283838709',NULL,9,80),(1130,'2025-04-10T09:12:07.284322921',NULL,9,79),(1131,'2025-04-10T09:29:31.052777614',NULL,9,83),(1132,'2025-04-10T09:29:31.191450982',NULL,9,82),(1133,'2025-04-10T09:29:31.191450982',NULL,9,79),(1134,'2025-04-10T09:29:31.191597986',NULL,9,81),(1135,'2025-04-10T09:29:31.200466577',NULL,9,80),(1136,'2025-04-10T09:29:40.821438263',NULL,9,82),(1137,'2025-04-10T09:29:40.821648341',NULL,9,80),(1138,'2025-04-10T09:29:40.821817958',NULL,9,79),(1139,'2025-04-10T09:29:40.823288944',NULL,9,81),(1140,'2025-04-10T09:29:40.828348415',NULL,9,83),(1141,'2025-04-10T09:48:45.693329225',NULL,7,83),(1142,'2025-04-10T09:48:45.697802787',NULL,7,82),(1143,'2025-04-10T09:48:45.729005896',NULL,7,79),(1144,'2025-04-10T09:48:45.747462355',NULL,7,80),(1145,'2025-04-10T09:48:45.752065386',NULL,7,81),(1146,'2025-04-10T09:49:21.006888520',NULL,9,83),(1147,'2025-04-10T09:49:21.010431049',NULL,9,81),(1148,'2025-04-10T09:49:21.156556855',NULL,9,80),(1149,'2025-04-10T09:49:21.156558587',NULL,9,79),(1150,'2025-04-10T09:49:21.156557053',NULL,9,82),(1151,'2025-04-10T09:49:51.690052614',NULL,9,80),(1152,'2025-04-10T09:49:51.689902431',NULL,9,79),(1153,'2025-04-10T09:49:51.690560381',NULL,9,83),(1154,'2025-04-10T09:49:51.691153292',NULL,9,82),(1155,'2025-04-10T09:49:51.693790261',NULL,9,81),(1156,'2025-04-10T09:50:05.479494855',NULL,9,80),(1157,'2025-04-10T09:50:05.479653252',NULL,9,83),(1158,'2025-04-10T09:50:05.479977398',NULL,9,81),(1159,'2025-04-10T09:50:05.480838245',NULL,9,82),(1160,'2025-04-10T09:50:05.483258790',NULL,9,79),(1161,'2025-04-10T09:51:05.539247426',NULL,7,83),(1162,'2025-04-10T09:51:08.828024935',NULL,7,83),(1163,'2025-04-10T09:51:53.228208748',NULL,8,83),(1164,'2025-04-10T09:51:53.232177791',NULL,8,82),(1165,'2025-04-10T09:51:53.232463164',NULL,8,81),(1166,'2025-04-10T09:51:53.264792586',NULL,8,80),(1167,'2025-04-10T09:51:53.274039796',NULL,8,79),(1168,'2025-04-10T09:53:09.471624917',NULL,8,81),(1169,'2025-04-10T09:53:09.471627604',NULL,8,83),(1170,'2025-04-10T09:53:09.474668879',NULL,8,80),(1171,'2025-04-10T09:53:09.521481405',NULL,8,79),(1172,'2025-04-10T09:53:09.521470212',NULL,8,82),(1173,'2025-04-10T10:08:52.519195909',NULL,6,83),(1174,'2025-04-10T10:08:52.605897380',NULL,6,82),(1175,'2025-04-10T10:08:52.606052603',NULL,6,81),(1176,'2025-04-10T10:10:12.190621795',NULL,6,83),(1177,'2025-04-10T10:10:12.333418522',NULL,6,80),(1178,'2025-04-10T10:10:12.355947349',NULL,6,79),(1179,'2025-04-10T10:10:12.558509150',NULL,6,81),(1180,'2025-04-10T10:10:12.621592722',NULL,6,82),(1181,'2025-04-10T10:10:24.132106704',NULL,6,83),(1182,'2025-04-10T10:10:24.138271706',NULL,6,82),(1183,'2025-04-10T10:10:24.150632738',NULL,6,80),(1184,'2025-04-10T10:10:24.151297010',NULL,6,79),(1185,'2025-04-10T10:10:24.151812811',NULL,6,81),(1186,'2025-04-10T10:10:41.529443109',NULL,6,23),(1187,'2025-04-10T10:10:52.911068951',NULL,6,23),(1188,'2025-04-10T10:10:55.060178116',NULL,6,23),(1189,'2025-04-10T10:10:55.118849654',NULL,6,23),(1190,'2025-04-10T10:10:55.799796717',NULL,6,23),(1191,'2025-04-10T10:11:29.396546728',NULL,6,81),(1192,'2025-04-10T10:11:29.396546728',NULL,6,83),(1193,'2025-04-10T10:11:30.094331072',NULL,6,80),(1194,'2025-04-10T10:11:30.166058761',NULL,6,79),(1195,'2025-04-10T10:11:34.407588116',NULL,6,82),(1196,'2025-04-10T10:11:46.883522802',NULL,6,23),(1197,'2025-04-10T10:14:42.869008403',NULL,3,98),(1198,'2025-04-10T10:14:51.677039981',NULL,3,98),(1199,'2025-04-10T10:19:00.234456057',NULL,7,82),(1200,'2025-04-10T10:19:00.234570163',NULL,7,83),(1201,'2025-04-10T10:19:00.269025972',NULL,7,79),(1202,'2025-04-10T10:19:00.280557026',NULL,7,80),(1203,'2025-04-10T10:19:00.281040707',NULL,7,81),(1204,'2025-04-10T10:31:48.201889765',NULL,3,83),(1205,'2025-04-10T10:31:48.202222648',NULL,3,81),(1206,'2025-04-10T10:31:48.202030867',NULL,3,82),(1207,'2025-04-10T10:31:48.230257900',NULL,3,79),(1208,'2025-04-10T10:31:48.236336361',NULL,3,80),(1209,'2025-04-10T10:32:27.490752829',NULL,3,74),(1210,'2025-04-10T10:32:34.171206523',NULL,3,38),(1211,'2025-04-10T10:32:40.089256375',NULL,3,47),(1212,'2025-04-10T10:32:49.678470900',NULL,3,74),(1213,'2025-04-10T10:32:54.901051506',NULL,3,38),(1214,'2025-04-10T10:33:06.941579700',NULL,3,38),(1215,'2025-04-10T10:36:22.891738461',NULL,7,13),(1216,'2025-04-10T10:36:41.156920131',NULL,7,13),(1217,'2025-04-10T10:36:51.848259948',NULL,7,85),(1218,'2025-04-10T10:36:52.961932563',NULL,7,67),(1219,'2025-04-10T10:36:58.250467822',NULL,7,73),(1220,'2025-04-10T10:36:59.999957753',NULL,7,73),(1221,'2025-04-10T10:37:03.712500186',NULL,7,37),(1222,'2025-04-10T10:37:09.499552111',NULL,7,33),(1223,'2025-04-10T10:37:13.586379689',NULL,7,35),(1224,'2025-04-10T10:37:17.730996621',NULL,7,34),(1225,'2025-04-10T10:37:23.181519615',NULL,7,30),(1226,'2025-04-10T10:37:31.926572124',NULL,7,13),(1227,'2025-04-10T10:37:58.386277687',NULL,7,82),(1228,'2025-04-10T10:38:03.399503577',NULL,7,75),(1229,'2025-04-10T10:38:06.558300453',NULL,7,21),(1230,'2025-04-10T10:38:10.138109574',NULL,7,61),(1231,'2025-04-10T10:38:12.745347700',NULL,8,82),(1232,'2025-04-10T10:38:12.747351958',NULL,8,83),(1233,'2025-04-10T10:38:12.771316272',NULL,7,26),(1234,'2025-04-10T10:38:12.773942749',NULL,8,79),(1235,'2025-04-10T10:38:12.793435909',NULL,8,81),(1236,'2025-04-10T10:38:12.803774326',NULL,8,80),(1237,'2025-04-10T10:38:15.851076863',NULL,7,22),(1238,'2025-04-10T10:38:18.579291351',NULL,7,16),(1239,'2025-04-10T10:38:21.426091811',NULL,7,76),(1240,'2025-04-10T10:39:55.973750139',NULL,7,79),(1241,'2025-04-10T10:40:00.930582260',NULL,7,77),(1242,'2025-04-10T10:40:04.685729868',NULL,7,79),(1243,'2025-04-10T10:40:09.963362913',NULL,7,47),(1244,'2025-04-10T10:40:13.641783268',NULL,7,82),(1245,'2025-04-10T10:40:13.641783268',NULL,7,83),(1246,'2025-04-10T10:40:13.726600930',NULL,7,80),(1247,'2025-04-10T10:40:13.727233596',NULL,7,79),(1248,'2025-04-10T10:40:13.727321483',NULL,7,81),(1249,'2025-04-10T10:40:18.590335421',NULL,7,13),(1250,'2025-04-10T10:43:18.478191788',NULL,8,82),(1251,'2025-04-10T10:43:18.484674629',NULL,8,81),(1252,'2025-04-10T10:43:18.485077436',NULL,8,80),(1253,'2025-04-10T10:43:18.512579060',NULL,8,83),(1254,'2025-04-10T10:43:18.512835728',NULL,8,79),(1255,'2025-04-10T10:49:59.806460860',NULL,8,82),(1256,'2025-04-10T10:49:59.808337068',NULL,8,83),(1257,'2025-04-10T10:49:59.844705762',NULL,8,79),(1258,'2025-04-10T10:49:59.856368454',NULL,8,81),(1259,'2025-04-10T10:49:59.857605827',NULL,8,80),(1260,'2025-04-10T11:06:47.338998007',NULL,8,82),(1261,'2025-04-10T11:06:47.348971947',NULL,8,80),(1262,'2025-04-10T11:06:47.359205195',NULL,8,83),(1263,'2025-04-10T11:06:47.400613378',NULL,8,81),(1264,'2025-04-10T11:06:47.409079437',NULL,8,79),(1265,'2025-04-10T11:13:55.343739302',NULL,8,82),(1266,'2025-04-10T11:13:55.343794582',NULL,8,83),(1267,'2025-04-10T11:13:55.390785425',NULL,8,81),(1268,'2025-04-10T11:13:55.403905284',NULL,8,80),(1269,'2025-04-10T11:13:55.410616744',NULL,8,79),(1270,'2025-04-10T11:14:58.574005953',NULL,8,83),(1271,'2025-04-10T11:14:58.593667626',NULL,8,80),(1272,'2025-04-10T11:14:58.621246151',NULL,8,79),(1273,'2025-04-10T11:14:58.627739922',NULL,8,81),(1274,'2025-04-10T11:14:58.629424855',NULL,8,82),(1275,'2025-04-10T11:17:56.961198538',NULL,8,82),(1276,'2025-04-10T11:17:56.960653921',NULL,8,83),(1277,'2025-04-10T11:17:56.988005041',NULL,8,79),(1278,'2025-04-10T11:17:57.003305882',NULL,8,80),(1279,'2025-04-10T11:17:57.011981139',NULL,8,81),(1280,'2025-04-10T11:18:47.960450299',NULL,8,83),(1281,'2025-04-10T11:18:47.964667072',NULL,8,81),(1282,'2025-04-10T11:18:47.972268268',NULL,8,80),(1283,'2025-04-10T11:18:47.972879376',NULL,8,82),(1284,'2025-04-10T11:18:48.000054790',NULL,8,79),(1285,'2025-04-10T11:21:51.394895902',NULL,8,83),(1286,'2025-04-10T11:21:51.414637383',NULL,8,81),(1287,'2025-04-10T11:21:51.432195927',NULL,8,79),(1288,'2025-04-10T11:21:51.455526627',NULL,8,82),(1289,'2025-04-10T11:21:51.461328835',NULL,8,80),(1290,'2025-04-10T11:21:56.043008453',NULL,8,81),(1291,'2025-04-10T11:21:56.046611924',NULL,8,83),(1292,'2025-04-10T11:21:56.133214205',NULL,8,80),(1293,'2025-04-10T11:21:56.133214205',NULL,8,82),(1294,'2025-04-10T11:21:56.133256569',NULL,8,79),(1295,'2025-04-10T11:22:58.943748400',NULL,8,83),(1296,'2025-04-10T11:22:58.951635599',NULL,8,80),(1297,'2025-04-10T11:22:58.976732947',NULL,8,79),(1298,'2025-04-10T11:22:58.989948259',NULL,8,82),(1299,'2025-04-10T11:22:58.997790860',NULL,8,81),(1300,'2025-04-10T11:23:24.316220578',NULL,8,82),(1301,'2025-04-10T11:23:24.320424929',NULL,8,81),(1302,'2025-04-10T11:23:24.332966752',NULL,8,83),(1303,'2025-04-10T11:23:24.380394997',NULL,8,79),(1304,'2025-04-10T11:23:24.393672658',NULL,8,80),(1305,'2025-04-10T11:24:21.631540332',NULL,8,83),(1306,'2025-04-10T11:24:21.634654499',NULL,8,80),(1307,'2025-04-10T11:24:21.655700442',NULL,8,82),(1308,'2025-04-10T11:24:21.657759127',NULL,8,81),(1309,'2025-04-10T11:24:21.662159672',NULL,8,79),(1310,'2025-04-10T11:37:01.199232782',NULL,8,82),(1311,'2025-04-10T11:37:01.222759339',NULL,8,80),(1312,'2025-04-10T11:37:01.226919079',NULL,8,79),(1313,'2025-04-10T11:37:01.252089553',NULL,8,83),(1314,'2025-04-10T11:37:01.253636912',NULL,8,81),(1315,'2025-04-10T11:38:36.723632585',NULL,8,82),(1316,'2025-04-10T11:38:36.724442914',NULL,8,83),(1317,'2025-04-10T11:38:36.748469377',NULL,8,79),(1318,'2025-04-10T11:38:36.786829900',NULL,8,80),(1319,'2025-04-10T11:38:36.789740648',NULL,8,81),(1320,'2025-04-10T11:38:52.876681769',NULL,8,83),(1321,'2025-04-10T11:38:52.878323623',NULL,8,82),(1322,'2025-04-10T11:38:52.884431735',NULL,8,81),(1323,'2025-04-10T11:38:52.900875397',NULL,8,80),(1324,'2025-04-10T11:38:52.918806615',NULL,8,79),(1325,'2025-04-10T11:44:28.090054729',NULL,8,83),(1326,'2025-04-10T11:44:28.090337285',NULL,8,81),(1327,'2025-04-10T11:44:28.105478362',NULL,8,82),(1328,'2025-04-10T11:44:28.150193899',NULL,8,80),(1329,'2025-04-10T11:44:28.164034990',NULL,8,79),(1330,'2025-04-10T11:45:17.350370557',NULL,9,83),(1331,'2025-04-10T11:45:17.366745596',NULL,9,79),(1332,'2025-04-10T11:45:17.499754419',NULL,9,80),(1333,'2025-04-10T11:45:17.499756996',NULL,9,81),(1334,'2025-04-10T11:45:17.501443893',NULL,9,82),(1335,'2025-04-10T11:45:20.841850817',NULL,9,81),(1336,'2025-04-10T11:45:20.842401596',NULL,9,82),(1337,'2025-04-10T11:45:20.843333501',NULL,9,79),(1338,'2025-04-10T11:45:20.846577740',NULL,9,83),(1339,'2025-04-10T11:45:20.850072959',NULL,9,80),(1340,'2025-04-10T11:45:26.417321206',NULL,9,82),(1341,'2025-04-10T11:45:26.419087053',NULL,9,79),(1342,'2025-04-10T11:45:26.421457810',NULL,9,80),(1343,'2025-04-10T11:45:26.428431529',NULL,9,83),(1344,'2025-04-10T11:45:26.430626687',NULL,9,81),(1345,'2025-04-10T11:45:29.189645083',NULL,9,80),(1346,'2025-04-10T11:45:29.195302247',NULL,9,79),(1347,'2025-04-10T11:45:29.199015562',NULL,9,83),(1348,'2025-04-10T11:45:29.202213647',NULL,9,82),(1349,'2025-04-10T11:45:29.209068430',NULL,9,81),(1350,'2025-04-10T11:45:31.088876184',NULL,9,80),(1351,'2025-04-10T11:45:31.088876184',NULL,9,79),(1352,'2025-04-10T11:45:31.105865101',NULL,9,81),(1353,'2025-04-10T11:45:31.108626251',NULL,9,82),(1354,'2025-04-10T11:45:31.108897617',NULL,9,83),(1355,'2025-04-10T11:45:56.870961109',NULL,9,79),(1356,'2025-04-10T11:45:56.870970830',NULL,9,80),(1357,'2025-04-10T11:45:56.885583365',NULL,9,82),(1358,'2025-04-10T11:45:56.888300099',NULL,9,81),(1359,'2025-04-10T11:45:56.889633844',NULL,9,83),(1360,'2025-04-10T11:46:02.675190114',NULL,9,81),(1361,'2025-04-10T11:46:02.675191856',NULL,9,79),(1362,'2025-04-10T11:46:02.675188005',NULL,9,80),(1363,'2025-04-10T11:46:02.686322542',NULL,9,83),(1364,'2025-04-10T11:46:02.690917205',NULL,9,82),(1365,'2025-04-10T11:46:05.064823955',NULL,9,83),(1366,'2025-04-10T11:46:05.064934200',NULL,9,80),(1367,'2025-04-10T11:46:05.065233437',NULL,9,82),(1368,'2025-04-10T11:46:05.065573583',NULL,9,81),(1369,'2025-04-10T11:46:05.067901891',NULL,9,79),(1370,'2025-04-10T11:46:07.033704687',NULL,9,83),(1371,'2025-04-10T11:46:07.034493061',NULL,9,80),(1372,'2025-04-10T11:46:07.034508233',NULL,9,82),(1373,'2025-04-10T11:46:07.035500041',NULL,9,81),(1374,'2025-04-10T11:46:07.114615514',NULL,9,79),(1375,'2025-04-10T11:46:08.875862817',NULL,9,83),(1376,'2025-04-10T11:46:08.875865737',NULL,9,81),(1377,'2025-04-10T11:46:08.880934077',NULL,9,82),(1378,'2025-04-10T11:46:08.885513926',NULL,9,80),(1379,'2025-04-10T11:46:08.988035836',NULL,9,79),(1380,'2025-04-10T11:46:11.195270695',NULL,9,81),(1381,'2025-04-10T11:46:11.195894593',NULL,9,80),(1382,'2025-04-10T11:46:11.195884493',NULL,9,82),(1383,'2025-04-10T11:46:11.197606992',NULL,9,83),(1384,'2025-04-10T11:46:11.202138154',NULL,9,79),(1385,'2025-04-10T11:46:13.936967274',NULL,9,83),(1386,'2025-04-10T11:46:13.937162365',NULL,9,81),(1387,'2025-04-10T11:46:13.943822849',NULL,9,82),(1388,'2025-04-10T11:46:13.946523909',NULL,9,80),(1389,'2025-04-10T11:46:14.165410527',NULL,9,79),(1390,'2025-04-10T11:46:50.887196623',NULL,8,83),(1391,'2025-04-10T11:46:50.886936010',NULL,8,80),(1392,'2025-04-10T11:46:50.891598114',NULL,8,82),(1393,'2025-04-10T11:46:50.896763162',NULL,8,81),(1394,'2025-04-10T11:46:50.942471972',NULL,8,79),(1395,'2025-04-10T11:46:55.225978096',NULL,9,83),(1396,'2025-04-10T11:46:55.227791249',NULL,9,80),(1397,'2025-04-10T11:46:55.225978096',NULL,9,79),(1398,'2025-04-10T11:46:55.230488787',NULL,9,82),(1399,'2025-04-10T11:46:55.230876966',NULL,9,81),(1400,'2025-04-10T11:47:42.963993107',NULL,8,81),(1401,'2025-04-10T11:47:42.964550959',NULL,8,83),(1402,'2025-04-10T11:47:42.983073979',NULL,8,79),(1403,'2025-04-10T11:47:43.000552865',NULL,8,82),(1404,'2025-04-10T11:47:43.008232481',NULL,8,80),(1405,'2025-04-10T11:48:35.711844815',NULL,8,82),(1406,'2025-04-10T11:48:35.713344308',NULL,8,80),(1407,'2025-04-10T11:48:35.719071775',NULL,8,81),(1408,'2025-04-10T11:48:35.788051569',NULL,8,79),(1409,'2025-04-10T11:48:35.788085595',NULL,8,83),(1410,'2025-04-10T11:49:27.703063744',NULL,8,82),(1411,'2025-04-10T11:49:27.741358751',NULL,8,79),(1412,'2025-04-10T11:49:27.753611370',NULL,8,81),(1413,'2025-04-10T11:49:27.768284663',NULL,8,80),(1414,'2025-04-10T11:49:27.828587936',NULL,8,83),(1415,'2025-04-10T11:51:10.259319220',NULL,8,83),(1416,'2025-04-10T11:51:10.260940262',NULL,8,80),(1417,'2025-04-10T11:51:10.265465638',NULL,8,81),(1418,'2025-04-10T11:51:10.307270676',NULL,8,82),(1419,'2025-04-10T11:51:10.311643692',NULL,8,79),(1420,'2025-04-10T12:00:09.841725278',NULL,7,83),(1421,'2025-04-10T12:00:09.845762739',NULL,7,82),(1422,'2025-04-10T12:00:09.875984347',NULL,7,81),(1423,'2025-04-10T12:00:09.881335693',NULL,7,80),(1424,'2025-04-10T12:00:09.883207422',NULL,7,79),(1425,'2025-04-10T12:00:58.870311261',NULL,7,81),(1426,'2025-04-10T12:00:58.870309987',NULL,7,80),(1427,'2025-04-10T12:00:58.872386366',NULL,7,82),(1428,'2025-04-10T12:00:58.874269823',NULL,7,83),(1429,'2025-04-10T12:00:58.901353256',NULL,7,79),(1430,'2025-04-10T12:02:00.905416962',NULL,7,77),(1431,'2025-04-10T12:02:02.766771936',NULL,8,82),(1432,'2025-04-10T12:02:02.771072845',NULL,8,80),(1433,'2025-04-10T12:02:02.794775748',NULL,8,83),(1434,'2025-04-10T12:02:02.850908379',NULL,8,81),(1435,'2025-04-10T12:02:02.861955297',NULL,8,79),(1436,'2025-04-10T12:02:10.271424271',NULL,7,77),(1437,'2025-04-10T12:02:52.841060673',NULL,8,80),(1438,'2025-04-10T12:02:52.841057340',NULL,8,82),(1439,'2025-04-10T12:02:52.841337005',NULL,8,81),(1440,'2025-04-10T12:02:52.925528330',NULL,8,83),(1441,'2025-04-10T12:02:52.930766811',NULL,8,79),(1442,'2025-04-10T12:03:14.328270086',NULL,7,77),(1443,'2025-04-10T12:03:15.321058377',NULL,9,83),(1444,'2025-04-10T12:03:15.341413637',NULL,9,80),(1445,'2025-04-10T12:03:15.373416298',NULL,9,79),(1446,'2025-04-10T12:03:15.469380700',NULL,9,82),(1447,'2025-04-10T12:03:15.469380700',NULL,9,81),(1448,'2025-04-10T12:03:19.928068796',NULL,7,77),(1449,'2025-04-10T12:03:21.661785848',NULL,9,80),(1450,'2025-04-10T12:03:21.679462415',NULL,9,83),(1451,'2025-04-10T12:03:21.680865357',NULL,9,81),(1452,'2025-04-10T12:03:21.682410154',NULL,9,82),(1453,'2025-04-10T12:03:21.751785217',NULL,9,79),(1454,'2025-04-10T12:03:28.745740973',NULL,9,82),(1455,'2025-04-10T12:03:28.745740973',NULL,9,83),(1456,'2025-04-10T12:03:28.747528259',NULL,9,81),(1457,'2025-04-10T12:03:28.800651956',NULL,9,80),(1458,'2025-04-10T12:03:28.839975305',NULL,9,79),(1459,'2025-04-10T12:03:36.418353288',NULL,9,82),(1460,'2025-04-10T12:03:36.434377876',NULL,9,83),(1461,'2025-04-10T12:03:36.434653219',NULL,9,80),(1462,'2025-04-10T12:03:36.440600588',NULL,9,81),(1463,'2025-04-10T12:03:36.494822672',NULL,9,79),(1464,'2025-04-10T12:03:53.010558397',NULL,8,82),(1465,'2025-04-10T12:03:53.028730413',NULL,8,80),(1466,'2025-04-10T12:03:53.029387713',NULL,8,81),(1467,'2025-04-10T12:03:53.044491674',NULL,8,83),(1468,'2025-04-10T12:03:53.107777601',NULL,8,79),(1469,'2025-04-10T12:04:38.068575810',NULL,9,81),(1470,'2025-04-10T12:04:38.078672145',NULL,9,83),(1471,'2025-04-10T12:04:38.085258077',NULL,9,80),(1472,'2025-04-10T12:04:38.088957223',NULL,9,82),(1473,'2025-04-10T12:04:38.145287645',NULL,9,79),(1474,'2025-04-10T12:09:11.232775772',NULL,9,82),(1475,'2025-04-10T12:09:11.243784488',NULL,9,83),(1476,'2025-04-10T12:09:11.253829689',NULL,9,80),(1477,'2025-04-10T12:09:11.254816655',NULL,9,81),(1478,'2025-04-10T12:09:11.318970614',NULL,9,79),(1479,'2025-04-10T12:15:07.049177605',NULL,8,80),(1480,'2025-04-10T12:15:07.061365597',NULL,8,83),(1481,'2025-04-10T12:15:07.136072720',NULL,8,79),(1482,'2025-04-10T12:15:07.164857963',NULL,8,82),(1483,'2025-04-10T12:15:07.165754907',NULL,8,81),(1484,'2025-04-10T12:15:42.329697795',NULL,8,81),(1485,'2025-04-10T12:15:42.329698390',NULL,8,83),(1486,'2025-04-10T12:15:42.334561033',NULL,8,80),(1487,'2025-04-10T12:15:42.335077732',NULL,8,82),(1488,'2025-04-10T12:15:42.347535285',NULL,8,79),(1489,'2025-04-10T12:44:27.885201691',NULL,9,83),(1490,'2025-04-10T12:44:28.019520197',NULL,9,81),(1491,'2025-04-10T12:44:28.024782699',NULL,9,80),(1492,'2025-04-10T12:44:28.027004147',NULL,9,82),(1493,'2025-04-10T12:44:28.139555712',NULL,9,79),(1494,'2025-04-10T12:44:38.776054710',NULL,9,83),(1495,'2025-04-10T12:44:38.788275558',NULL,9,82),(1496,'2025-04-10T12:44:38.789161859',NULL,9,80),(1497,'2025-04-10T12:44:38.796419797',NULL,9,81),(1498,'2025-04-10T12:44:38.898377640',NULL,9,79),(1499,'2025-04-10T13:29:28.635564439',NULL,9,80),(1500,'2025-04-10T13:29:28.635778806',NULL,9,81),(1501,'2025-04-10T13:29:28.649280496',NULL,9,79),(1502,'2025-04-10T13:29:28.779729660',NULL,9,83),(1503,'2025-04-10T13:29:28.781568379',NULL,9,82),(1504,'2025-04-10T13:29:40.930358421',NULL,9,83),(1505,'2025-04-10T13:29:40.930344782',NULL,9,81),(1506,'2025-04-10T13:29:40.931642544',NULL,9,80),(1507,'2025-04-10T13:29:40.934807179',NULL,9,82),(1508,'2025-04-10T13:29:40.970490626',NULL,9,79),(1509,'2025-04-10T13:29:44.470425661',NULL,9,83),(1510,'2025-04-10T13:29:44.499513490',NULL,9,82),(1511,'2025-04-10T13:29:44.501459358',NULL,9,81),(1512,'2025-04-10T13:29:44.503275068',NULL,9,80),(1513,'2025-04-10T13:29:44.504774274',NULL,9,79),(1514,'2025-04-10T13:29:46.522437169',NULL,9,83),(1515,'2025-04-10T13:29:46.525488479',NULL,9,82),(1516,'2025-04-10T13:29:46.549382128',NULL,9,80),(1517,'2025-04-10T13:29:46.552366693',NULL,9,81),(1518,'2025-04-10T13:29:46.560771404',NULL,9,79),(1519,'2025-04-10T13:29:48.036284662',NULL,9,81),(1520,'2025-04-10T13:29:48.040884388',NULL,9,82),(1521,'2025-04-10T13:29:48.048459981',NULL,9,83),(1522,'2025-04-10T13:29:48.051716339',NULL,9,80),(1523,'2025-04-10T13:29:48.064301463',NULL,9,79),(1524,'2025-04-10T13:29:49.724426786',NULL,9,83),(1525,'2025-04-10T13:29:49.725953979',NULL,9,82),(1526,'2025-04-10T13:29:49.726689618',NULL,9,80),(1527,'2025-04-10T13:29:49.727604178',NULL,9,81),(1528,'2025-04-10T13:29:49.731515154',NULL,9,79),(1529,'2025-04-10T13:29:51.896190693',NULL,9,82),(1530,'2025-04-10T13:29:51.897747166',NULL,9,79),(1531,'2025-04-10T13:29:51.898541',NULL,9,80),(1532,'2025-04-10T13:29:51.896693181',NULL,9,83),(1533,'2025-04-10T13:29:51.903428262',NULL,9,81),(1534,'2025-04-10T13:29:53.493894931',NULL,9,79),(1535,'2025-04-10T13:29:53.494425576',NULL,9,80),(1536,'2025-04-10T13:29:53.494678997',NULL,9,82),(1537,'2025-04-10T13:29:53.495114219',NULL,9,81),(1538,'2025-04-10T13:29:53.502415915',NULL,9,83),(1539,'2025-04-10T13:29:55.335023547',NULL,9,82),(1540,'2025-04-10T13:29:55.349728076',NULL,9,83),(1541,'2025-04-10T13:29:55.353404127',NULL,9,80),(1542,'2025-04-10T13:29:55.355512401',NULL,9,79),(1543,'2025-04-10T13:29:55.378789139',NULL,9,81),(1544,'2025-04-10T13:29:57.156911625',NULL,9,83),(1545,'2025-04-10T13:29:57.158201587',NULL,9,80),(1546,'2025-04-10T13:29:57.157082212',NULL,9,79),(1547,'2025-04-10T13:29:57.159109642',NULL,9,81),(1548,'2025-04-10T13:29:57.159950403',NULL,9,82),(1549,'2025-04-10T13:29:58.573062661',NULL,9,83),(1550,'2025-04-10T13:29:58.583068114',NULL,9,82),(1551,'2025-04-10T13:29:58.584570073',NULL,9,81),(1552,'2025-04-10T13:29:58.589075015',NULL,9,79),(1553,'2025-04-10T13:29:58.592487464',NULL,9,80),(1554,'2025-04-10T13:30:00.461298574',NULL,9,81),(1555,'2025-04-10T13:30:00.461118009',NULL,9,80),(1556,'2025-04-10T13:30:00.463483408',NULL,9,83),(1557,'2025-04-10T13:30:00.479928255',NULL,9,79),(1558,'2025-04-10T13:30:00.484158596',NULL,9,82),(1559,'2025-04-10T13:30:02.000195187',NULL,9,81),(1560,'2025-04-10T13:30:02.005811013',NULL,9,83),(1561,'2025-04-10T13:30:02.013472291',NULL,9,80),(1562,'2025-04-10T13:30:02.020175198',NULL,9,82),(1563,'2025-04-10T13:30:02.022399770',NULL,9,79),(1564,'2025-04-10T13:30:05.205016099',NULL,9,81),(1565,'2025-04-10T13:30:05.207713469',NULL,9,80),(1566,'2025-04-10T13:30:05.205893612',NULL,9,83),(1567,'2025-04-10T13:30:05.213643884',NULL,9,82),(1568,'2025-04-10T13:30:05.215409491',NULL,9,79),(1569,'2025-04-10T13:30:08.603785849',NULL,9,81),(1570,'2025-04-10T13:30:08.606670952',NULL,9,82),(1571,'2025-04-10T13:30:08.608105776',NULL,9,83),(1572,'2025-04-10T13:30:08.609462642',NULL,9,80),(1573,'2025-04-10T13:30:08.801945456',NULL,9,79),(1574,'2025-04-10T13:30:10.648567156',NULL,9,81),(1575,'2025-04-10T13:30:10.650650236',NULL,9,83),(1576,'2025-04-10T13:30:10.653856728',NULL,9,79),(1577,'2025-04-10T13:30:10.651536626',NULL,9,82),(1578,'2025-04-10T13:30:10.657419029',NULL,9,80),(1579,'2025-04-10T13:30:12.421038001',NULL,9,79),(1580,'2025-04-10T13:30:12.421274729',NULL,9,83),(1581,'2025-04-10T13:30:12.420872224',NULL,9,80),(1582,'2025-04-10T13:30:12.426151984',NULL,9,82),(1583,'2025-04-10T13:30:12.423518933',NULL,9,81),(1584,'2025-04-10T13:30:18.962451904',NULL,9,83),(1585,'2025-04-10T13:30:18.963889389',NULL,9,82),(1586,'2025-04-10T13:30:18.967613126',NULL,9,80),(1587,'2025-04-10T13:30:18.965581116',NULL,9,81),(1588,'2025-04-10T13:30:18.969368267',NULL,9,79),(1589,'2025-04-10T13:30:29.192003833',NULL,9,79),(1590,'2025-04-10T13:30:29.201799359',NULL,9,83),(1591,'2025-04-10T13:30:29.204791627',NULL,9,81),(1592,'2025-04-10T13:30:29.211313522',NULL,9,80),(1593,'2025-04-10T13:30:29.212161185',NULL,9,82),(1594,'2025-04-10T13:30:42.712457329',NULL,9,82),(1595,'2025-04-10T13:30:42.713287296',NULL,9,80),(1596,'2025-04-10T13:30:42.714082530',NULL,9,79),(1597,'2025-04-10T13:30:42.719217615',NULL,9,81),(1598,'2025-04-10T13:30:42.723678291',NULL,9,83),(1599,'2025-04-10T13:30:49.073572259',NULL,9,82),(1600,'2025-04-10T13:30:49.073402335',NULL,9,83),(1601,'2025-04-10T13:30:49.073830279',NULL,9,80),(1602,'2025-04-10T13:30:49.083961381',NULL,9,79),(1603,'2025-04-10T13:30:49.084882227',NULL,9,81),(1604,'2025-04-10T13:30:51.484359286',NULL,9,79),(1605,'2025-04-10T13:30:51.485828064',NULL,9,82),(1606,'2025-04-10T13:30:51.485913562',NULL,9,81),(1607,'2025-04-10T13:30:51.487788996',NULL,9,80),(1608,'2025-04-10T13:30:51.489044117',NULL,9,83),(1609,'2025-04-10T13:31:04.744393133',NULL,9,83),(1610,'2025-04-10T13:31:04.757573738',NULL,9,82),(1611,'2025-04-10T13:31:04.759797785',NULL,9,79),(1612,'2025-04-10T13:31:04.760253958',NULL,9,80),(1613,'2025-04-10T13:31:04.761511350',NULL,9,81),(1614,'2025-04-10T13:31:06.543259549',NULL,9,83),(1615,'2025-04-10T13:31:06.543818696',NULL,9,81),(1616,'2025-04-10T13:31:06.543109661',NULL,9,82),(1617,'2025-04-10T13:31:06.548080388',NULL,9,79),(1618,'2025-04-10T13:31:06.551626569',NULL,9,80),(1619,'2025-04-10T13:31:08.405181768',NULL,9,80),(1620,'2025-04-10T13:31:08.413965023',NULL,9,83),(1621,'2025-04-10T13:31:08.415464393',NULL,9,79),(1622,'2025-04-10T13:31:08.432321409',NULL,9,81),(1623,'2025-04-10T13:31:08.433622043',NULL,9,82),(1624,'2025-04-10T13:31:09.362492192',NULL,9,82),(1625,'2025-04-10T13:31:09.365362894',NULL,9,83),(1626,'2025-04-10T13:31:09.369408399',NULL,9,81),(1627,'2025-04-10T13:31:09.372367232',NULL,9,79),(1628,'2025-04-10T13:31:09.374780168',NULL,9,80),(1629,'2025-04-10T13:31:10.721236083',NULL,9,81),(1630,'2025-04-10T13:31:10.720918059',NULL,9,82),(1631,'2025-04-10T13:31:10.725634328',NULL,9,83),(1632,'2025-04-10T13:31:10.727694533',NULL,9,79),(1633,'2025-04-10T13:31:10.733591550',NULL,9,80),(1634,'2025-04-10T13:31:12.092953670',NULL,9,80),(1635,'2025-04-10T13:31:12.093538501',NULL,9,82),(1636,'2025-04-10T13:31:12.093376117',NULL,9,83),(1637,'2025-04-10T13:31:12.094767716',NULL,9,79),(1638,'2025-04-10T13:31:12.099051872',NULL,9,81),(1639,'2025-04-10T13:31:13.476231613',NULL,9,81),(1640,'2025-04-10T13:31:13.478921988',NULL,9,83),(1641,'2025-04-10T13:31:13.484434809',NULL,9,79),(1642,'2025-04-10T13:31:13.490970345',NULL,9,80),(1643,'2025-04-10T13:31:13.497426656',NULL,9,82),(1644,'2025-04-10T13:31:15.548183649',NULL,9,83),(1645,'2025-04-10T13:31:15.548232836',NULL,9,80),(1646,'2025-04-10T13:31:15.547941564',NULL,9,79),(1647,'2025-04-10T13:31:15.548554742',NULL,9,81),(1648,'2025-04-10T13:31:15.549896804',NULL,9,82),(1649,'2025-04-10T13:35:00.662446896',NULL,9,82),(1650,'2025-04-10T13:35:00.740024033',NULL,9,79),(1651,'2025-04-10T13:35:00.845975836',NULL,9,80),(1652,'2025-04-10T13:35:00.846013742',NULL,9,81),(1653,'2025-04-10T13:35:00.847038643',NULL,9,83),(1654,'2025-04-10T13:35:03.889374511',NULL,9,83),(1655,'2025-04-10T13:35:03.889367533',NULL,9,82),(1656,'2025-04-10T13:35:03.889636096',NULL,9,81),(1657,'2025-04-10T13:35:03.896549877',NULL,9,79),(1658,'2025-04-10T13:35:03.897936738',NULL,9,80),(1659,'2025-04-10T13:35:05.581293987',NULL,9,81),(1660,'2025-04-10T13:35:05.581293987',NULL,9,83),(1661,'2025-04-10T13:35:05.593372158',NULL,9,80),(1662,'2025-04-10T13:35:05.594607201',NULL,9,82),(1663,'2025-04-10T13:35:05.600991719',NULL,9,79),(1664,'2025-04-10T13:35:07.122472800',NULL,9,83),(1665,'2025-04-10T13:35:07.122429598',NULL,9,82),(1666,'2025-04-10T13:35:07.123790841',NULL,9,79),(1667,'2025-04-10T13:35:07.124334947',NULL,9,81),(1668,'2025-04-10T13:35:07.126694973',NULL,9,80),(1669,'2025-04-10T13:36:44.230832895',NULL,10,82),(1670,'2025-04-10T13:36:44.230905117',NULL,10,83),(1671,'2025-04-10T13:36:44.280029637',NULL,10,79),(1672,'2025-04-10T13:36:44.371643362',NULL,10,81),(1673,'2025-04-10T13:36:44.372878659',NULL,10,80),(1674,'2025-04-10T13:37:05.970455866',NULL,10,53),(1675,'2025-04-10T13:37:06.926162500',NULL,10,53),(1676,'2025-04-10T13:37:07.842893105',NULL,10,53),(1677,'2025-04-10T13:37:15.777576407',NULL,10,83),(1678,'2025-04-10T13:37:23.839550209',NULL,10,81),(1679,'2025-04-10T13:37:23.840460560',NULL,10,82),(1680,'2025-04-10T13:37:23.840888669',NULL,10,80),(1681,'2025-04-10T13:37:23.845319277',NULL,10,83),(1682,'2025-04-10T13:37:23.869453194',NULL,10,79),(1683,'2025-04-10T13:37:39.879430949',NULL,10,94),(1684,'2025-04-10T13:37:40.099849051',NULL,10,94),(1685,'2025-04-10T13:37:42.969781803',NULL,10,94),(1686,'2025-04-10T13:37:43.139568340',NULL,10,94),(1687,'2025-04-10T13:37:52.554079107',NULL,9,83),(1688,'2025-04-10T13:37:52.554293047',NULL,9,82),(1689,'2025-04-10T13:37:52.568353949',NULL,9,79),(1690,'2025-04-10T13:37:52.675889808',NULL,9,81),(1691,'2025-04-10T13:37:52.675882807',NULL,9,80),(1692,'2025-04-10T13:37:55.075524602',NULL,9,80),(1693,'2025-04-10T13:37:55.075241895',NULL,9,79),(1694,'2025-04-10T13:37:55.077007660',NULL,9,82),(1695,'2025-04-10T13:37:55.076582711',NULL,9,81),(1696,'2025-04-10T13:37:55.088302210',NULL,9,83),(1697,'2025-04-10T13:37:56.815896365',NULL,9,81),(1698,'2025-04-10T13:37:56.816802660',NULL,9,80),(1699,'2025-04-10T13:37:56.819789363',NULL,9,83),(1700,'2025-04-10T13:37:56.820564021',NULL,9,82),(1701,'2025-04-10T13:37:56.851000283',NULL,9,79),(1702,'2025-04-10T13:37:57.791087520',NULL,9,80),(1703,'2025-04-10T13:37:57.791077487',NULL,9,82),(1704,'2025-04-10T13:37:57.792404323',NULL,9,83),(1705,'2025-04-10T13:37:57.795573558',NULL,9,81),(1706,'2025-04-10T13:37:57.795746137',NULL,9,79),(1707,'2025-04-10T13:37:58.814274761',NULL,9,82),(1708,'2025-04-10T13:37:58.814274761',NULL,9,79),(1709,'2025-04-10T13:37:58.814266034',NULL,9,81),(1710,'2025-04-10T13:37:58.815052674',NULL,9,83),(1711,'2025-04-10T13:37:58.815668134',NULL,9,80),(1712,'2025-04-10T13:38:00.238756867',NULL,9,82),(1713,'2025-04-10T13:38:00.240378578',NULL,9,80),(1714,'2025-04-10T13:38:00.240884936',NULL,9,79),(1715,'2025-04-10T13:38:00.242780757',NULL,9,83),(1716,'2025-04-10T13:38:00.244455958',NULL,9,81),(1717,'2025-04-10T13:38:01.750635735',NULL,9,79),(1718,'2025-04-10T13:38:01.750836997',NULL,9,81),(1719,'2025-04-10T13:38:01.750610531',NULL,9,83),(1720,'2025-04-10T13:38:01.752260241',NULL,9,82),(1721,'2025-04-10T13:38:01.752790383',NULL,9,80),(1722,'2025-04-10T13:38:02.430579951',NULL,9,82),(1723,'2025-04-10T13:38:02.431454996',NULL,9,80),(1724,'2025-04-10T13:38:02.429392216',NULL,9,81),(1725,'2025-04-10T13:38:02.436821468',NULL,9,83),(1726,'2025-04-10T13:38:02.437145628',NULL,9,79),(1727,'2025-04-10T13:38:03.408306652',NULL,9,82),(1728,'2025-04-10T13:38:03.411812295',NULL,9,80),(1729,'2025-04-10T13:38:03.412527352',NULL,9,79),(1730,'2025-04-10T13:38:03.413467135',NULL,9,81),(1731,'2025-04-10T13:38:03.416600087',NULL,9,83),(1732,'2025-04-10T13:38:04.177089594',NULL,9,80),(1733,'2025-04-10T13:38:04.177046564',NULL,9,83),(1734,'2025-04-10T13:38:04.177362967',NULL,9,79),(1735,'2025-04-10T13:38:04.179343767',NULL,9,82),(1736,'2025-04-10T13:38:04.179478179',NULL,9,81),(1737,'2025-04-10T13:38:06.337323705',NULL,9,82),(1738,'2025-04-10T13:38:06.338755942',NULL,9,80),(1739,'2025-04-10T13:38:06.338957662',NULL,9,81),(1740,'2025-04-10T13:38:06.339939135',NULL,9,83),(1741,'2025-04-10T13:38:06.341267011',NULL,9,79),(1742,'2025-04-10T13:38:07.095522341',NULL,9,83),(1743,'2025-04-10T13:38:07.095514295',NULL,9,82),(1744,'2025-04-10T13:38:07.109147077',NULL,9,79),(1745,'2025-04-10T13:38:07.110875175',NULL,9,81),(1746,'2025-04-10T13:38:07.112440730',NULL,9,80),(1747,'2025-04-10T13:38:08.333459444',NULL,9,82),(1748,'2025-04-10T13:38:08.333459444',NULL,9,80),(1749,'2025-04-10T13:38:08.333459444',NULL,9,81),(1750,'2025-04-10T13:38:08.336601773',NULL,9,83),(1751,'2025-04-10T13:38:08.342303057',NULL,9,79),(1752,'2025-04-10T13:38:08.775762373',NULL,9,82),(1753,'2025-04-10T13:38:08.775743685',NULL,9,83),(1754,'2025-04-10T13:38:08.777091740',NULL,9,80),(1755,'2025-04-10T13:38:08.777962681',NULL,9,81),(1756,'2025-04-10T13:38:08.792930153',NULL,9,79),(1757,'2025-04-10T13:38:09.343382570',NULL,9,82),(1758,'2025-04-10T13:38:09.355234774',NULL,9,81),(1759,'2025-04-10T13:38:09.355242681',NULL,9,80),(1760,'2025-04-10T13:38:09.365555069',NULL,9,83),(1761,'2025-04-10T13:38:09.425458978',NULL,9,79),(1762,'2025-04-10T13:38:09.804214096',NULL,9,81),(1763,'2025-04-10T13:38:09.804362172',NULL,9,80),(1764,'2025-04-10T13:38:09.804911297',NULL,9,83),(1765,'2025-04-10T13:38:09.805369303',NULL,9,82),(1766,'2025-04-10T13:38:09.875231716',NULL,9,79),(1767,'2025-04-10T13:38:13.455792035',NULL,9,80),(1768,'2025-04-10T13:38:13.457281932',NULL,9,83),(1769,'2025-04-10T13:38:13.461745973',NULL,9,81),(1770,'2025-04-10T13:38:13.463856065',NULL,9,79),(1771,'2025-04-10T13:38:13.467225543',NULL,9,82),(1772,'2025-04-10T13:38:15.703736710',NULL,9,83),(1773,'2025-04-10T13:38:15.703821175',NULL,9,82),(1774,'2025-04-10T13:38:15.704023898',NULL,9,81),(1775,'2025-04-10T13:38:15.705473134',NULL,9,79),(1776,'2025-04-10T13:38:15.708425750',NULL,9,80),(1777,'2025-04-10T13:38:16.038005840',NULL,9,81),(1778,'2025-04-10T13:38:16.038016118',NULL,9,83),(1779,'2025-04-10T13:38:16.038258135',NULL,9,80),(1780,'2025-04-10T13:38:16.050119087',NULL,9,79),(1781,'2025-04-10T13:38:16.051752214',NULL,9,82),(1782,'2025-04-10T13:38:17.536708496',NULL,9,83),(1783,'2025-04-10T13:38:17.550764961',NULL,9,81),(1784,'2025-04-10T13:38:17.552250596',NULL,9,80),(1785,'2025-04-10T13:38:17.553801837',NULL,9,79),(1786,'2025-04-10T13:38:17.555714055',NULL,9,82),(1787,'2025-04-10T13:38:18.470845612',NULL,9,81),(1788,'2025-04-10T13:38:18.470849655',NULL,9,83),(1789,'2025-04-10T13:38:18.472693594',NULL,9,82),(1790,'2025-04-10T13:38:18.485822278',NULL,9,80),(1791,'2025-04-10T13:38:18.563171212',NULL,9,79),(1792,'2025-04-10T13:38:19.521689588',NULL,9,80),(1793,'2025-04-10T13:38:19.521427529',NULL,9,81),(1794,'2025-04-10T13:38:19.521910462',NULL,9,83),(1795,'2025-04-10T13:38:19.522790551',NULL,9,79),(1796,'2025-04-10T13:38:19.523714638',NULL,9,82),(1797,'2025-04-10T13:38:20.017988573',NULL,8,83),(1798,'2025-04-10T13:38:20.024676590',NULL,8,82),(1799,'2025-04-10T13:38:20.028547633',NULL,8,81),(1800,'2025-04-10T13:38:20.087647553',NULL,8,80),(1801,'2025-04-10T13:38:20.103068280',NULL,8,79),(1802,'2025-04-10T13:38:20.255067880',NULL,9,82),(1803,'2025-04-10T13:38:20.255067880',NULL,9,80),(1804,'2025-04-10T13:38:20.262909510',NULL,9,81),(1805,'2025-04-10T13:38:20.265658298',NULL,9,79),(1806,'2025-04-10T13:38:20.265620868',NULL,9,83),(1807,'2025-04-10T13:38:21.454172188',NULL,9,83),(1808,'2025-04-10T13:38:21.454387671',NULL,9,80),(1809,'2025-04-10T13:38:21.467425777',NULL,9,81),(1810,'2025-04-10T13:38:21.471417633',NULL,9,82),(1811,'2025-04-10T13:38:21.524772847',NULL,9,79),(1812,'2025-04-10T13:38:23.084455259',NULL,9,83),(1813,'2025-04-10T13:38:23.084155351',NULL,9,80),(1814,'2025-04-10T13:38:23.085922874',NULL,9,81),(1815,'2025-04-10T13:38:23.085466545',NULL,9,82),(1816,'2025-04-10T13:38:23.089626342',NULL,9,79),(1817,'2025-04-10T13:38:25.951793197',NULL,9,79),(1818,'2025-04-10T13:38:25.951803991',NULL,9,80),(1819,'2025-04-10T13:38:25.951826599',NULL,9,81),(1820,'2025-04-10T13:38:25.952526312',NULL,9,83),(1821,'2025-04-10T13:38:25.967710974',NULL,9,82),(1822,'2025-04-10T13:38:27.327176391',NULL,9,81),(1823,'2025-04-10T13:38:27.327146989',NULL,9,83),(1824,'2025-04-10T13:38:27.332014902',NULL,9,82),(1825,'2025-04-10T13:38:27.332104477',NULL,9,80),(1826,'2025-04-10T13:38:27.428765903',NULL,9,79),(1827,'2025-04-10T13:38:28.779793359',NULL,9,82),(1828,'2025-04-10T13:38:28.779793359',NULL,9,83),(1829,'2025-04-10T13:38:28.792858610',NULL,9,80),(1830,'2025-04-10T13:38:28.794359045',NULL,9,79),(1831,'2025-04-10T13:38:28.795035306',NULL,9,81),(1832,'2025-04-10T13:38:29.795376955',NULL,9,80),(1833,'2025-04-10T13:38:29.799203122',NULL,9,81),(1834,'2025-04-10T13:38:29.799991348',NULL,9,82),(1835,'2025-04-10T13:38:29.802911279',NULL,9,79),(1836,'2025-04-10T13:38:29.803432824',NULL,9,83),(1837,'2025-04-10T13:38:30.850893463',NULL,9,83),(1838,'2025-04-10T13:38:30.850895919',NULL,9,82),(1839,'2025-04-10T13:38:30.855785834',NULL,9,80),(1840,'2025-04-10T13:38:30.864970436',NULL,9,81),(1841,'2025-04-10T13:38:30.864603349',NULL,9,79),(1842,'2025-04-10T13:38:32.029995403',NULL,9,80),(1843,'2025-04-10T13:38:32.030022734',NULL,9,82),(1844,'2025-04-10T13:38:32.035308421',NULL,9,81),(1845,'2025-04-10T13:38:32.038449439',NULL,9,83),(1846,'2025-04-10T13:38:32.040048231',NULL,9,79),(1847,'2025-04-10T13:38:33.230219895',NULL,9,80),(1848,'2025-04-10T13:38:33.230441341',NULL,9,81),(1849,'2025-04-10T13:38:33.238494693',NULL,9,82),(1850,'2025-04-10T13:38:33.240812209',NULL,9,83),(1851,'2025-04-10T13:38:33.305057933',NULL,9,79),(1852,'2025-04-10T13:38:34.119826738',NULL,9,83),(1853,'2025-04-10T13:38:34.119826738',NULL,9,79),(1854,'2025-04-10T13:38:34.119826738',NULL,9,81),(1855,'2025-04-10T13:38:34.129051798',NULL,9,80),(1856,'2025-04-10T13:38:34.132746400',NULL,9,82),(1857,'2025-04-10T13:38:35.475196815',NULL,9,83),(1858,'2025-04-10T13:38:35.478615164',NULL,9,82),(1859,'2025-04-10T13:38:35.483388298',NULL,9,81),(1860,'2025-04-10T13:38:35.486048321',NULL,9,80),(1861,'2025-04-10T13:38:35.544867731',NULL,9,79),(1862,'2025-04-10T13:38:36.809876999',NULL,9,81),(1863,'2025-04-10T13:38:36.809877652',NULL,9,82),(1864,'2025-04-10T13:38:36.813083650',NULL,9,80),(1865,'2025-04-10T13:38:36.817098531',NULL,9,79),(1866,'2025-04-10T13:38:36.820287093',NULL,9,83),(1867,'2025-04-10T13:38:38.055016094',NULL,9,83),(1868,'2025-04-10T13:38:38.055016094',NULL,9,81),(1869,'2025-04-10T13:38:38.059119161',NULL,9,80),(1870,'2025-04-10T13:38:38.062036313',NULL,9,82),(1871,'2025-04-10T13:38:38.063572647',NULL,9,79),(1872,'2025-04-10T13:38:49.775074565',NULL,9,83),(1873,'2025-04-10T13:38:49.775422660',NULL,9,82),(1874,'2025-04-10T13:38:49.777020579',NULL,9,81),(1875,'2025-04-10T13:38:49.778742246',NULL,9,80),(1876,'2025-04-10T13:38:49.778823234',NULL,9,79),(1877,'2025-04-10T13:38:58.795802635',NULL,8,83),(1878,'2025-04-10T13:38:58.798315864',NULL,8,81),(1879,'2025-04-10T13:38:58.807805445',NULL,8,80),(1880,'2025-04-10T13:38:58.813651510',NULL,8,82),(1881,'2025-04-10T13:38:58.819168484',NULL,8,79),(1882,'2025-04-10T13:39:28.726269721',NULL,10,79),(1883,'2025-04-10T13:39:30.708697465',NULL,10,83),(1884,'2025-04-10T13:39:32.676768236',NULL,10,83),(1885,'2025-04-10T13:39:32.679755594',NULL,10,80),(1886,'2025-04-10T13:39:32.681964328',NULL,10,82),(1887,'2025-04-10T13:39:32.682874499',NULL,10,81),(1888,'2025-04-10T13:39:32.715162873',NULL,10,79),(1889,'2025-04-10T13:39:33.246802234',NULL,10,81),(1890,'2025-04-10T13:39:33.249925277',NULL,10,83),(1891,'2025-04-10T13:39:33.251001619',NULL,10,82),(1892,'2025-04-10T13:39:33.253290164',NULL,10,80),(1893,'2025-04-10T13:39:33.295417317',NULL,10,79),(1894,'2025-04-10T13:39:41.988088241',NULL,10,82),(1895,'2025-04-10T13:39:41.988088241',NULL,10,81),(1896,'2025-04-10T13:39:41.989289403',NULL,10,83),(1897,'2025-04-10T13:39:41.990673932',NULL,10,80),(1898,'2025-04-10T13:39:42.010099295',NULL,10,79),(1899,'2025-04-10T13:39:47.792974850',NULL,10,79),(1900,'2025-04-10T13:42:14.694897943',NULL,9,81),(1901,'2025-04-10T13:42:14.695208125',NULL,9,83),(1902,'2025-04-10T13:42:14.695584843',NULL,9,82),(1903,'2025-04-10T13:42:14.845090794',NULL,9,79),(1904,'2025-04-10T13:42:14.852723668',NULL,9,80),(1905,'2025-04-10T13:42:25.428950716',NULL,9,82),(1906,'2025-04-10T13:42:25.442148235',NULL,9,81),(1907,'2025-04-10T13:42:25.442633546',NULL,9,83),(1908,'2025-04-10T13:42:25.443821907',NULL,9,79),(1909,'2025-04-10T13:42:25.446153176',NULL,9,80),(1910,'2025-04-10T13:42:28.515259153',NULL,9,80),(1911,'2025-04-10T13:42:28.515486600',NULL,9,82),(1912,'2025-04-10T13:42:28.515091272',NULL,9,79),(1913,'2025-04-10T13:42:28.515091272',NULL,9,83),(1914,'2025-04-10T13:42:28.516453004',NULL,9,81),(1915,'2025-04-10T13:42:34.794921085',NULL,9,81),(1916,'2025-04-10T13:42:34.794892535',NULL,9,82),(1917,'2025-04-10T13:42:34.795314956',NULL,9,80),(1918,'2025-04-10T13:42:34.795662841',NULL,9,83),(1919,'2025-04-10T13:42:34.809667091',NULL,9,79),(1920,'2025-04-10T13:42:41.184950632',NULL,9,81),(1921,'2025-04-10T13:43:13.562940815',NULL,10,83),(1922,'2025-04-10T13:43:13.566443674',NULL,10,80),(1923,'2025-04-10T13:43:13.566960337',NULL,10,81),(1924,'2025-04-10T13:43:13.567671840',NULL,10,82),(1925,'2025-04-10T13:43:13.580421780',NULL,10,79),(1926,'2025-04-10T13:43:13.635444835',NULL,10,82),(1927,'2025-04-10T13:43:13.635444835',NULL,10,83),(1928,'2025-04-10T13:43:13.640361435',NULL,10,81),(1929,'2025-04-10T13:43:13.641153373',NULL,10,80),(1930,'2025-04-10T13:43:13.644996489',NULL,10,79),(1931,'2025-04-10T13:50:09.977267154',NULL,8,83),(1932,'2025-04-10T13:50:09.997462104',NULL,8,81),(1933,'2025-04-10T13:50:10.039636819',NULL,8,79),(1934,'2025-04-10T13:50:10.061978565',NULL,8,80),(1935,'2025-04-10T13:50:10.074591647',NULL,8,82),(1936,'2025-04-10T14:24:52.373730373',NULL,8,82),(1937,'2025-04-10T14:24:52.376723415',NULL,8,83),(1938,'2025-04-10T14:24:52.411643570',NULL,8,80),(1939,'2025-04-10T14:24:52.452666396',NULL,8,79),(1940,'2025-04-10T14:24:52.517114887',NULL,8,81),(1941,'2025-04-10T14:25:28.391874900',NULL,8,80),(1942,'2025-04-10T14:25:28.391806402',NULL,8,82),(1943,'2025-04-10T14:25:28.410110344',NULL,8,83),(1944,'2025-04-10T14:25:28.413902871',NULL,8,81),(1945,'2025-04-10T14:25:28.425880724',NULL,8,79),(1946,'2025-04-10T14:30:50.383730615',NULL,8,82),(1947,'2025-04-10T14:30:50.398951714',NULL,8,81),(1948,'2025-04-10T14:30:50.403118630',NULL,8,80),(1949,'2025-04-10T14:30:50.461624733',NULL,8,79),(1950,'2025-04-10T14:30:50.461624733',NULL,8,83),(1951,'2025-04-10T14:34:19.857108014',NULL,8,81),(1952,'2025-04-10T14:34:19.870411371',NULL,8,79),(1953,'2025-04-10T14:34:19.880200944',NULL,8,80),(1954,'2025-04-10T14:34:19.936271616',NULL,8,83),(1955,'2025-04-10T14:34:19.946389056',NULL,8,82),(1956,'2025-04-10T14:37:19.397105673',NULL,9,83),(1957,'2025-04-10T14:37:19.405833461',NULL,9,80),(1958,'2025-04-10T14:37:19.427484606',NULL,9,79),(1959,'2025-04-10T14:37:19.532063751',NULL,9,81),(1960,'2025-04-10T14:37:19.569200168',NULL,9,82),(1961,'2025-04-10T14:37:24.207070249',NULL,9,83),(1962,'2025-04-10T14:37:24.207598497',NULL,9,82),(1963,'2025-04-10T14:37:24.208240082',NULL,9,81),(1964,'2025-04-10T14:37:24.228457169',NULL,9,79),(1965,'2025-04-10T14:37:24.229456648',NULL,9,80),(1966,'2025-04-10T14:40:50.715370439',NULL,8,82),(1967,'2025-04-10T14:40:50.720490105',NULL,8,80),(1968,'2025-04-10T14:40:50.722200360',NULL,8,83),(1969,'2025-04-10T14:40:50.808723518',NULL,8,79),(1970,'2025-04-10T14:40:50.842721503',NULL,8,81),(1971,'2025-04-10T14:46:24.516101898',NULL,8,82),(1972,'2025-04-10T14:46:24.516101898',NULL,8,83),(1973,'2025-04-10T14:46:24.527652361',NULL,8,81),(1974,'2025-04-10T14:46:24.590048307',NULL,8,80),(1975,'2025-04-10T14:46:24.590062318',NULL,8,79),(1976,'2025-04-10T14:46:38.841298020',NULL,8,82),(1977,'2025-04-10T14:46:38.842083260',NULL,8,80),(1978,'2025-04-10T14:46:38.849766698',NULL,8,83),(1979,'2025-04-10T14:46:38.900535620',NULL,8,79),(1980,'2025-04-10T14:46:38.906409636',NULL,8,81),(1981,'2025-04-10T14:48:35.420890016',NULL,8,83),(1982,'2025-04-10T14:48:35.484483348',NULL,8,80),(1983,'2025-04-10T14:48:35.499610691',NULL,8,82),(1984,'2025-04-10T14:48:35.503996284',NULL,8,81),(1985,'2025-04-10T14:48:35.528478498',NULL,8,79),(1986,'2025-04-10T14:48:37.200963587',NULL,7,83),(1987,'2025-04-10T14:48:37.202217466',NULL,7,81),(1988,'2025-04-10T14:48:37.201815931',NULL,7,80),(1989,'2025-04-10T14:48:37.205810351',NULL,7,79),(1990,'2025-04-10T14:48:37.223836785',NULL,7,82),(1991,'2025-04-10T14:49:29.365452900',NULL,7,47),(1992,'2025-04-10T14:49:44.949761339',NULL,7,47),(1993,'2025-04-10T14:49:49.143579222',NULL,7,47),(1994,'2025-04-10T14:49:56.494866545',NULL,8,81),(1995,'2025-04-10T14:49:56.494866545',NULL,8,80),(1996,'2025-04-10T14:49:56.572934734',NULL,8,83),(1997,'2025-04-10T14:49:56.594554023',NULL,8,79),(1998,'2025-04-10T14:49:56.599622945',NULL,8,82),(1999,'2025-04-10T14:51:32.969110327',NULL,8,83),(2000,'2025-04-10T14:51:32.969104346',NULL,8,81),(2001,'2025-04-10T14:51:32.981232935',NULL,8,82),(2002,'2025-04-10T14:51:33.022992324',NULL,8,79),(2003,'2025-04-10T14:51:33.049988558',NULL,8,80),(2004,'2025-04-10T14:56:16.012240397',NULL,7,83),(2005,'2025-04-10T14:56:16.047824841',NULL,7,80),(2006,'2025-04-10T14:56:16.064161948',NULL,7,81),(2007,'2025-04-10T14:56:16.065964213',NULL,7,82),(2008,'2025-04-10T14:56:16.069487761',NULL,7,79),(2009,'2025-04-10T14:56:20.272552021',NULL,7,83),(2010,'2025-04-10T14:56:20.273293132',NULL,7,82),(2011,'2025-04-10T14:56:20.273809712',NULL,7,81),(2012,'2025-04-10T14:56:20.277090845',NULL,7,80),(2013,'2025-04-10T14:56:20.289061879',NULL,7,79),(2014,'2025-04-10T14:56:21.225846330',NULL,7,81),(2015,'2025-04-10T14:56:21.225759743',NULL,7,83),(2016,'2025-04-10T14:56:21.226026076',NULL,7,79),(2017,'2025-04-10T14:56:21.227463868',NULL,7,80),(2018,'2025-04-10T14:56:21.229563211',NULL,7,82),(2019,'2025-04-10T14:56:32.507411733',NULL,7,81),(2020,'2025-04-10T14:56:32.508165230',NULL,7,79),(2021,'2025-04-10T14:56:32.509677835',NULL,7,83),(2022,'2025-04-10T14:56:32.512512943',NULL,7,80),(2023,'2025-04-10T14:56:32.513691194',NULL,7,82),(2024,'2025-04-10T14:59:16.130471596',NULL,8,80),(2025,'2025-04-10T14:59:16.133749253',NULL,8,82),(2026,'2025-04-10T14:59:16.135681407',NULL,8,81),(2027,'2025-04-10T14:59:16.204797577',NULL,8,83),(2028,'2025-04-10T14:59:16.210216223',NULL,8,79),(2029,'2025-04-10T14:59:39.971617911',NULL,8,83),(2030,'2025-04-10T14:59:39.975100339',NULL,8,81),(2031,'2025-04-10T14:59:40.078591359',NULL,8,79),(2032,'2025-04-10T14:59:40.078572896',NULL,8,82),(2033,'2025-04-10T14:59:40.078578782',NULL,8,80),(2034,'2025-04-10T15:00:25.007325716',NULL,8,82),(2035,'2025-04-10T15:00:25.045625879',NULL,8,83),(2036,'2025-04-10T15:00:25.120523565',NULL,8,80),(2037,'2025-04-10T15:00:25.125467841',NULL,8,79),(2038,'2025-04-10T15:00:25.128798489',NULL,8,81),(2039,'2025-04-10T15:01:28.929068713',NULL,8,82),(2040,'2025-04-10T15:01:28.960322488',NULL,8,83),(2041,'2025-04-10T15:01:28.978447026',NULL,8,80),(2042,'2025-04-10T15:01:29.015809880',NULL,8,81),(2043,'2025-04-10T15:01:29.037100003',NULL,8,79),(2044,'2025-04-10T15:29:27.694687703',NULL,6,83),(2045,'2025-04-10T15:29:27.694614464',NULL,6,81),(2046,'2025-04-10T15:29:27.708852148',NULL,6,82),(2047,'2025-04-10T15:29:27.779957755',NULL,6,79),(2048,'2025-04-10T15:29:27.779957755',NULL,6,80),(2049,'2025-04-10T15:29:31.827498316',NULL,6,81),(2050,'2025-04-10T15:29:32.444002195',NULL,6,81),(2051,'2025-04-10T15:29:33.465438768',NULL,6,81),(2052,'2025-04-10T15:29:42.023534926',NULL,6,81),(2053,'2025-04-10T15:29:50.477305598',NULL,6,81),(2054,'2025-04-10T15:29:59.041371219',NULL,6,81),(2055,'2025-04-10T15:30:04.310026788',NULL,6,83),(2056,'2025-04-10T15:30:04.310032348',NULL,6,81),(2057,'2025-04-10T15:30:04.310725149',NULL,6,82),(2058,'2025-04-10T15:30:04.323762143',NULL,6,80),(2059,'2025-04-10T15:30:04.328559588',NULL,6,79),(2060,'2025-04-10T15:30:07.503410406',NULL,6,81),(2061,'2025-04-10T15:30:15.978431080',NULL,6,81),(2062,'2025-04-10T15:30:24.428769314',NULL,6,81),(2063,'2025-04-10T15:30:32.861132435',NULL,6,81),(2064,'2025-04-10T15:30:41.318234334',NULL,6,81),(2065,'2025-04-10T15:30:49.729258491',NULL,6,81),(2066,'2025-04-10T15:30:58.184967547',NULL,6,81),(2067,'2025-04-10T15:31:06.606953632',NULL,6,81),(2068,'2025-04-10T15:31:15.065744445',NULL,6,81),(2069,'2025-04-10T15:31:23.496992172',NULL,6,81),(2070,'2025-04-10T15:31:31.927478744',NULL,6,81),(2071,'2025-04-10T15:31:40.340799673',NULL,6,81),(2072,'2025-04-10T15:31:48.771757485',NULL,6,81),(2073,'2025-04-10T15:31:57.222520636',NULL,6,81),(2074,'2025-04-10T15:32:05.768428149',NULL,6,81),(2075,'2025-04-10T15:32:14.314004937',NULL,6,81),(2076,'2025-04-10T15:32:22.744967686',NULL,6,81),(2077,'2025-04-10T15:32:31.163201986',NULL,6,81),(2078,'2025-04-10T15:32:39.611991697',NULL,6,81),(2079,'2025-04-10T15:32:48.021978276',NULL,6,81),(2080,'2025-04-10T15:32:56.432133050',NULL,6,81),(2081,'2025-04-10T15:33:04.873555471',NULL,6,81),(2082,'2025-04-10T15:33:13.439060787',NULL,6,81),(2083,'2025-04-10T15:33:21.868948761',NULL,6,81),(2084,'2025-04-10T15:33:30.362694771',NULL,6,81),(2085,'2025-04-10T15:33:38.779262029',NULL,6,81),(2086,'2025-04-10T15:33:47.249770372',NULL,6,81),(2087,'2025-04-10T15:33:55.780959965',NULL,6,81),(2088,'2025-04-10T15:34:04.321816312',NULL,6,81),(2089,'2025-04-10T15:34:12.870115971',NULL,6,81),(2090,'2025-04-10T15:34:21.342038427',NULL,6,81),(2091,'2025-04-10T15:34:29.796036153',NULL,6,81),(2092,'2025-04-10T15:34:38.202803270',NULL,6,81),(2093,'2025-04-10T15:34:46.640694779',NULL,6,81),(2094,'2025-04-10T15:34:55.069809303',NULL,6,81),(2095,'2025-04-10T15:35:03.579518110',NULL,6,81),(2096,'2025-04-10T15:35:12.185787028',NULL,6,81),(2097,'2025-04-10T15:35:20.597909280',NULL,6,81),(2098,'2025-04-10T15:35:29.026018714',NULL,6,81),(2099,'2025-04-10T15:35:37.435711653',NULL,6,81),(2100,'2025-04-10T15:35:45.867067301',NULL,6,81),(2101,'2025-04-10T15:35:54.298310808',NULL,6,81),(2102,'2025-04-10T15:36:02.730032886',NULL,6,81),(2103,'2025-04-10T15:36:11.184788932',NULL,6,81),(2104,'2025-04-10T15:36:19.599940176',NULL,6,81),(2105,'2025-04-10T15:36:28.093605912',NULL,6,81),(2106,'2025-04-10T15:36:36.688247897',NULL,6,81),(2107,'2025-04-10T15:36:45.235426748',NULL,6,81),(2108,'2025-04-10T15:36:53.827022508',NULL,6,81),(2109,'2025-04-10T15:37:02.508369842',NULL,6,81),(2110,'2025-04-10T15:37:11.092676365',NULL,6,81),(2111,'2025-04-10T15:37:19.638811189',NULL,6,81),(2112,'2025-04-10T15:37:28.181892108',NULL,6,81),(2113,'2025-04-10T15:37:36.668369181',NULL,6,81),(2114,'2025-04-10T15:37:45.114700336',NULL,6,81),(2115,'2025-04-10T15:37:53.780569263',NULL,6,81),(2116,'2025-04-10T15:38:02.362842816',NULL,6,81),(2117,'2025-04-10T15:38:11.206162221',NULL,6,81),(2118,'2025-04-10T15:38:19.799210746',NULL,6,81),(2119,'2025-04-10T15:38:28.347817016',NULL,6,81),(2120,'2025-04-10T15:38:36.752362775',NULL,6,81),(2121,'2025-04-10T15:38:45.183347656',NULL,6,81),(2122,'2025-04-10T15:38:53.619755979',NULL,6,81),(2123,'2025-04-10T15:39:02.044860653',NULL,6,81),(2124,'2025-04-10T15:39:10.453725488',NULL,6,81),(2125,'2025-04-10T15:39:18.963247198',NULL,6,81),(2126,'2025-04-10T15:39:27.371517645',NULL,6,81),(2127,'2025-04-10T15:39:35.781030226',NULL,6,81),(2128,'2025-04-10T15:39:44.182840537',NULL,6,81),(2129,'2025-04-10T15:39:52.615058809',NULL,6,81),(2130,'2025-04-10T15:40:01.055426022',NULL,6,81),(2131,'2025-04-10T15:40:09.479849574',NULL,6,81),(2132,'2025-04-10T15:40:17.890727745',NULL,6,81),(2133,'2025-04-10T15:40:26.394000009',NULL,6,81),(2134,'2025-04-10T15:40:34.844285999',NULL,6,81),(2135,'2025-04-10T15:40:43.281073061',NULL,6,81),(2136,'2025-04-10T15:40:51.685977665',NULL,6,81),(2137,'2025-04-10T15:41:00.098559822',NULL,6,81),(2138,'2025-04-10T15:41:08.532680377',NULL,6,81),(2139,'2025-04-10T15:41:16.941302114',NULL,6,81),(2140,'2025-04-10T15:41:25.367047868',NULL,6,81),(2141,'2025-04-10T15:41:33.785673985',NULL,6,81),(2142,'2025-04-10T15:41:42.196604521',NULL,6,81),(2143,'2025-04-10T15:41:50.600017',NULL,6,81),(2144,'2025-04-10T15:41:59.079757812',NULL,6,81),(2145,'2025-04-10T15:42:07.490623931',NULL,6,81),(2146,'2025-04-10T15:42:15.901790465',NULL,6,81),(2147,'2025-04-10T15:42:24.311277062',NULL,6,81),(2148,'2025-04-10T15:42:32.735901310',NULL,6,81),(2149,'2025-04-10T15:42:41.151299038',NULL,6,81),(2150,'2025-04-10T15:42:49.578372403',NULL,6,81),(2151,'2025-04-10T15:42:57.987704962',NULL,6,81),(2152,'2025-04-10T15:43:06.472115233',NULL,6,81),(2153,'2025-04-10T15:43:14.992125034',NULL,6,81),(2154,'2025-04-10T15:43:23.424645579',NULL,6,81),(2155,'2025-04-10T15:43:32.015835478',NULL,6,81),(2156,'2025-04-10T15:43:40.423279870',NULL,6,81),(2157,'2025-04-10T15:43:48.828695993',NULL,6,81),(2158,'2025-04-10T15:43:57.246465955',NULL,6,81),(2159,'2025-04-10T15:44:05.743907793',NULL,6,81),(2160,'2025-04-10T15:44:14.219369784',NULL,6,81),(2161,'2025-04-10T15:44:22.625264421',NULL,6,81),(2162,'2025-04-10T15:44:31.242251298',NULL,6,81),(2163,'2025-04-10T15:44:39.670520787',NULL,6,81),(2164,'2025-04-10T15:44:48.110228953',NULL,6,81),(2165,'2025-04-10T15:44:56.738564759',NULL,6,81),(2166,'2025-04-10T15:53:36.882840858',NULL,11,83),(2167,'2025-04-10T15:53:36.885218171',NULL,11,81),(2168,'2025-04-10T15:53:36.885495397',NULL,11,82),(2169,'2025-04-10T15:53:36.885604018',NULL,11,80),(2170,'2025-04-10T15:53:36.904307547',NULL,11,79),(2171,'2025-04-10T15:53:45.987656441',NULL,11,81),(2172,'2025-04-10T15:53:45.987661524',NULL,11,82),(2173,'2025-04-10T15:53:45.987979846',NULL,11,80),(2174,'2025-04-10T15:53:45.990602965',NULL,11,83),(2175,'2025-04-10T15:53:46.004526741',NULL,11,79),(2176,'2025-04-10T15:53:51.003318314',NULL,11,83),(2177,'2025-04-10T15:53:51.003254485',NULL,11,81),(2178,'2025-04-10T15:53:51.004894021',NULL,11,79),(2179,'2025-04-10T15:53:51.009398405',NULL,11,82),(2180,'2025-04-10T15:53:51.011438056',NULL,11,80),(2181,'2025-04-10T15:54:00.563122834',NULL,11,83),(2182,'2025-04-10T15:54:00.563420370',NULL,11,82),(2183,'2025-04-10T15:54:00.567234354',NULL,11,80),(2184,'2025-04-10T15:54:00.568390609',NULL,11,81),(2185,'2025-04-10T15:54:00.585510284',NULL,11,79),(2186,'2025-04-10T15:54:23.099397519',NULL,11,83),(2187,'2025-04-10T15:54:23.106362129',NULL,11,82),(2188,'2025-04-10T15:54:23.106355883',NULL,11,80),(2189,'2025-04-10T15:54:23.108892880',NULL,11,81),(2190,'2025-04-10T15:54:23.128195842',NULL,11,79),(2191,'2025-04-10T15:54:32.480967158',NULL,9,81),(2192,'2025-04-10T15:54:32.482422231',NULL,9,83),(2193,'2025-04-10T15:54:32.619514754',NULL,9,80),(2194,'2025-04-10T15:54:32.619535470',NULL,9,79),(2195,'2025-04-10T15:54:32.619539476',NULL,9,82),(2196,'2025-04-10T15:54:37.470339861',NULL,11,83),(2197,'2025-04-10T15:54:37.470295538',NULL,11,80),(2198,'2025-04-10T15:54:37.470295538',NULL,11,81),(2199,'2025-04-10T15:54:37.473266786',NULL,11,79),(2200,'2025-04-10T15:54:37.472907749',NULL,11,82),(2201,'2025-04-10T15:54:46.598958762',NULL,11,83),(2202,'2025-04-10T15:54:46.599699074',NULL,11,80),(2203,'2025-04-10T15:54:46.600867446',NULL,11,81),(2204,'2025-04-10T15:54:46.608714247',NULL,11,82),(2205,'2025-04-10T15:54:46.646947262',NULL,11,79),(2206,'2025-04-10T15:54:54.571370995',NULL,11,83),(2207,'2025-04-10T15:54:54.572497260',NULL,11,80),(2208,'2025-04-10T15:54:54.572890449',NULL,11,79),(2209,'2025-04-10T15:54:54.575147767',NULL,11,82),(2210,'2025-04-10T15:54:54.576052725',NULL,11,81),(2211,'2025-04-10T15:54:55.541962556',NULL,9,83),(2212,'2025-04-10T15:54:55.554784062',NULL,9,82),(2213,'2025-04-10T15:54:55.556309259',NULL,9,80),(2214,'2025-04-10T15:54:55.557065643',NULL,9,81),(2215,'2025-04-10T15:54:55.568238527',NULL,9,79),(2216,'2025-04-10T15:55:05.925284669',NULL,11,81),(2217,'2025-04-10T15:55:05.927009041',NULL,11,83),(2218,'2025-04-10T15:55:05.941315237',NULL,11,80),(2219,'2025-04-10T15:55:05.944753251',NULL,11,79),(2220,'2025-04-10T15:55:05.953541711',NULL,11,82),(2221,'2025-04-10T15:55:32.086562834',NULL,6,80),(2222,'2025-04-10T15:55:32.086623392',NULL,6,82),(2223,'2025-04-10T15:55:32.087637291',NULL,6,81),(2224,'2025-04-10T15:55:32.088293288',NULL,6,83),(2225,'2025-04-10T15:55:32.100717925',NULL,6,79),(2226,'2025-04-10T15:55:36.672452119',NULL,6,80),(2227,'2025-04-10T15:55:36.672457994',NULL,6,81),(2228,'2025-04-10T15:55:36.672898792',NULL,6,83),(2229,'2025-04-10T15:55:36.675840888',NULL,6,79),(2230,'2025-04-10T15:55:36.675860870',NULL,6,82),(2231,'2025-04-10T15:55:42.973189701',NULL,6,13),(2232,'2025-04-10T15:55:51.283808691',NULL,6,13),(2233,'2025-04-10T15:55:52.877273038',NULL,6,30),(2234,'2025-04-10T15:55:55.043586467',NULL,6,43),(2235,'2025-04-10T15:56:12.167602413',NULL,6,13),(2236,'2025-04-10T15:56:31.005672288',NULL,6,30),(2237,'2025-04-10T15:56:39.551790545',NULL,6,43),(2238,'2025-04-10T15:56:52.754153547',NULL,6,83),(2239,'2025-04-10T15:56:52.754626185',NULL,6,82),(2240,'2025-04-10T15:56:52.754626185',NULL,6,81),(2241,'2025-04-10T15:56:52.763987669',NULL,6,80),(2242,'2025-04-10T15:56:52.820501527',NULL,6,79),(2243,'2025-04-10T15:56:53.596260034',NULL,6,82),(2244,'2025-04-10T15:56:53.596431',NULL,6,83),(2245,'2025-04-10T15:56:53.596578529',NULL,6,80),(2246,'2025-04-10T15:56:53.598042833',NULL,6,79),(2247,'2025-04-10T15:56:53.599530269',NULL,6,81),(2248,'2025-04-10T15:56:55.204336918',NULL,6,79),(2249,'2025-04-10T15:56:55.204337483',NULL,6,81),(2250,'2025-04-10T15:56:55.204337483',NULL,6,80),(2251,'2025-04-10T15:56:55.205451028',NULL,6,83),(2252,'2025-04-10T15:56:55.206958385',NULL,6,82),(2253,'2025-04-10T15:57:08.460107161',NULL,11,19),(2254,'2025-04-10T15:57:10.354626420',NULL,11,81),(2255,'2025-04-10T15:57:10.366777595',NULL,11,80),(2256,'2025-04-10T15:57:10.399396431',NULL,11,79),(2257,'2025-04-10T15:57:10.405903636',NULL,11,82),(2258,'2025-04-10T15:57:10.411521577',NULL,11,83),(2259,'2025-04-10T15:57:14.769456906',NULL,11,62),(2260,'2025-04-10T15:57:17.973971989',NULL,11,48),(2261,'2025-04-10T15:57:19.971957672',NULL,11,83),(2262,'2025-04-10T15:57:19.974098893',NULL,11,80),(2263,'2025-04-10T15:57:19.974373886',NULL,11,82),(2264,'2025-04-10T15:57:19.978282403',NULL,11,81),(2265,'2025-04-10T15:57:19.981607001',NULL,11,79),(2266,'2025-04-10T15:57:21.987181115',NULL,11,79),(2267,'2025-04-10T15:57:21.987181115',NULL,11,82),(2268,'2025-04-10T15:57:21.987850004',NULL,11,80),(2269,'2025-04-10T15:57:21.988158868',NULL,11,83),(2270,'2025-04-10T15:57:21.992076165',NULL,11,81),(2271,'2025-04-10T16:00:22.325624239',NULL,8,82),(2272,'2025-04-10T16:00:22.347962515',NULL,8,81),(2273,'2025-04-10T16:00:22.350584114',NULL,8,83),(2274,'2025-04-10T16:00:22.446215717',NULL,8,80),(2275,'2025-04-10T16:00:22.462556727',NULL,8,79),(2276,'2025-04-10T16:07:32.751055150',NULL,11,82),(2277,'2025-04-10T16:07:32.751845470',NULL,11,83),(2278,'2025-04-10T16:07:32.752104454',NULL,11,80),(2279,'2025-04-10T16:07:32.751784949',NULL,11,79),(2280,'2025-04-10T16:07:32.752212012',NULL,11,81),(2281,'2025-04-10T16:09:32.934198785',NULL,8,83),(2282,'2025-04-10T16:09:32.949153781',NULL,8,81),(2283,'2025-04-10T16:09:33.037961475',NULL,8,82),(2284,'2025-04-10T16:09:33.047713861',NULL,8,79),(2285,'2025-04-10T16:09:33.061589501',NULL,8,80),(2286,'2025-04-10T16:16:47.419921841',NULL,7,82),(2287,'2025-04-10T16:16:47.421100742',NULL,7,81),(2288,'2025-04-10T16:16:47.423002145',NULL,7,83),(2289,'2025-04-10T16:16:47.442819238',NULL,7,80),(2290,'2025-04-10T16:16:47.487576040',NULL,7,79),(2291,'2025-04-10T16:16:50.588671509',NULL,7,83),(2292,'2025-04-10T16:17:42.683604384',NULL,8,83),(2293,'2025-04-10T16:17:42.708387242',NULL,8,82),(2294,'2025-04-10T16:17:42.776104417',NULL,8,80),(2295,'2025-04-10T16:17:42.785229784',NULL,8,79),(2296,'2025-04-10T16:17:42.842678384',NULL,8,81),(2297,'2025-04-10T16:17:43.471080149',NULL,7,83),(2298,'2025-04-10T16:17:43.471599026',NULL,7,82),(2299,'2025-04-10T16:17:43.471766390',NULL,7,81),(2300,'2025-04-10T16:17:43.474577861',NULL,7,80),(2301,'2025-04-10T16:17:43.504108005',NULL,7,79),(2302,'2025-04-10T16:17:49.265169445',NULL,7,80),(2303,'2025-04-10T16:17:49.265340735',NULL,7,82),(2304,'2025-04-10T16:17:49.267891676',NULL,7,81),(2305,'2025-04-10T16:17:49.266905227',NULL,7,83),(2306,'2025-04-10T16:17:49.271734646',NULL,7,79),(2307,'2025-04-10T16:17:51.700701283',NULL,7,82),(2308,'2025-04-10T16:17:51.700837486',NULL,7,83),(2309,'2025-04-10T16:17:51.703717681',NULL,7,81),(2310,'2025-04-10T16:17:51.708390812',NULL,7,79),(2311,'2025-04-10T16:17:51.714573434',NULL,7,80),(2312,'2025-04-10T16:19:16.493442221',NULL,8,82),(2313,'2025-04-10T16:19:16.497264024',NULL,8,80),(2314,'2025-04-10T16:19:16.505946006',NULL,8,83),(2315,'2025-04-10T16:19:16.596751512',NULL,8,81),(2316,'2025-04-10T16:19:16.596932433',NULL,8,79),(2317,'2025-04-10T16:23:52.472199079',NULL,8,83),(2318,'2025-04-10T16:23:52.503782844',NULL,8,80),(2319,'2025-04-10T16:23:52.554159863',NULL,8,81),(2320,'2025-04-10T16:23:52.650460468',NULL,8,82),(2321,'2025-04-10T16:23:52.662637120',NULL,8,79),(2322,'2025-04-10T16:26:17.067403013',NULL,8,80),(2323,'2025-04-10T16:26:17.082227495',NULL,8,83),(2324,'2025-04-10T16:26:17.099001369',NULL,8,81),(2325,'2025-04-10T16:26:17.146903028',NULL,8,82),(2326,'2025-04-10T16:26:17.156311976',NULL,8,79),(2327,'2025-04-10T16:31:20.533036739',NULL,8,81),(2328,'2025-04-10T16:31:20.537962619',NULL,8,82),(2329,'2025-04-10T16:31:20.638869521',NULL,8,80),(2330,'2025-04-10T16:31:20.651439194',NULL,8,83),(2331,'2025-04-10T16:31:20.651642804',NULL,8,79),(2332,'2025-04-10T16:32:29.619436634',NULL,9,79),(2333,'2025-04-10T16:32:29.657291597',NULL,9,80),(2334,'2025-04-10T16:32:29.668158848',NULL,9,81),(2335,'2025-04-10T16:32:29.675187692',NULL,9,83),(2336,'2025-04-10T16:32:29.675195260',NULL,9,82),(2337,'2025-04-10T16:32:33.694896561',NULL,8,83),(2338,'2025-04-10T16:32:33.694899991',NULL,8,80),(2339,'2025-04-10T16:32:33.764903720',NULL,8,79),(2340,'2025-04-10T16:32:33.787438776',NULL,8,81),(2341,'2025-04-10T16:32:33.834072699',NULL,8,82),(2342,'2025-04-10T16:38:15.034727990',NULL,8,82),(2343,'2025-04-10T16:38:15.041317374',NULL,8,83),(2344,'2025-04-10T16:38:15.082934893',NULL,8,81),(2345,'2025-04-10T16:38:15.101067285',NULL,8,79),(2346,'2025-04-10T16:38:15.125817065',NULL,8,80),(2347,'2025-04-10T16:40:06.291170374',NULL,9,3),(2348,'2025-04-10T16:40:06.581239333',NULL,9,3),(2349,'2025-04-10T16:40:15.881401659',NULL,9,82),(2350,'2025-04-10T16:40:16.051014437',NULL,9,82),(2351,'2025-04-10T16:40:20.114818826',NULL,9,82),(2352,'2025-04-10T16:40:20.175693204',NULL,9,79),(2353,'2025-04-10T16:40:20.270703441',NULL,9,80),(2354,'2025-04-10T16:40:20.270703441',NULL,9,81),(2355,'2025-04-10T16:40:20.270697948',NULL,9,83),(2356,'2025-04-10T16:40:25.291598324',NULL,9,81),(2357,'2025-04-10T16:40:25.470865299',NULL,9,81),(2358,'2025-04-10T16:44:07.423869556',NULL,8,82),(2359,'2025-04-10T16:44:07.433513157',NULL,8,79),(2360,'2025-04-10T16:44:07.439284030',NULL,8,81),(2361,'2025-04-10T16:44:07.504362166',NULL,8,83),(2362,'2025-04-10T16:44:07.510391362',NULL,8,80),(2363,'2025-04-10T16:55:01.214980373',NULL,8,82),(2364,'2025-04-10T16:55:01.221283033',NULL,8,80),(2365,'2025-04-10T16:55:01.283391963',NULL,8,83),(2366,'2025-04-10T16:55:01.339007542',NULL,8,81),(2367,'2025-04-10T16:55:01.341916165',NULL,8,79),(2368,'2025-04-10T16:56:11.336566485',NULL,8,81),(2369,'2025-04-10T16:56:11.336605874',NULL,8,79),(2370,'2025-04-10T16:56:11.342037566',NULL,8,83),(2371,'2025-04-10T16:56:11.414000978',NULL,8,82),(2372,'2025-04-10T16:56:11.426241250',NULL,8,80),(2373,'2025-04-10T16:56:27.323023809',NULL,8,83),(2374,'2025-04-10T16:56:27.344355687',NULL,8,82),(2375,'2025-04-10T16:56:27.369601529',NULL,8,80),(2376,'2025-04-10T16:56:27.442834315',NULL,8,81),(2377,'2025-04-10T16:56:27.444108410',NULL,8,79),(2378,'2025-04-10T16:58:04.764934727',NULL,8,82),(2379,'2025-04-10T16:58:04.764934032',NULL,8,83),(2380,'2025-04-10T16:58:04.798327496',NULL,8,81),(2381,'2025-04-10T16:58:04.858364081',NULL,8,79),(2382,'2025-04-10T16:58:04.870799593',NULL,8,80),(2383,'2025-04-10T17:00:07.925205045',NULL,8,81),(2384,'2025-04-10T17:00:07.958114485',NULL,8,83),(2385,'2025-04-10T17:00:08.010753536',NULL,8,79),(2386,'2025-04-10T17:00:08.046372150',NULL,8,80),(2387,'2025-04-10T17:00:08.086771851',NULL,8,82),(2388,'2025-04-10T17:07:29.345968516',NULL,8,83),(2389,'2025-04-10T17:07:29.354429852',NULL,8,82),(2390,'2025-04-10T17:07:29.412202696',NULL,8,81),(2391,'2025-04-10T17:07:29.416220192',NULL,8,79),(2392,'2025-04-10T17:07:29.427815371',NULL,8,80),(2393,'2025-04-10T17:09:50.521025494',NULL,8,83),(2394,'2025-04-10T17:09:50.520956595',NULL,8,82),(2395,'2025-04-10T17:09:50.526515696',NULL,8,81),(2396,'2025-04-10T17:09:50.570702781',NULL,8,80),(2397,'2025-04-10T17:09:50.579345632',NULL,8,79),(2398,'2025-04-10T17:15:44.216597471',NULL,8,81),(2399,'2025-04-10T17:15:44.279965762',NULL,8,83),(2400,'2025-04-10T17:15:44.283262452',NULL,8,79),(2401,'2025-04-10T17:15:44.286691794',NULL,8,80),(2402,'2025-04-10T17:15:44.300591972',NULL,8,82),(2403,'2025-04-10T17:17:29.942291119',NULL,8,83),(2404,'2025-04-10T17:17:30.021930639',NULL,8,80),(2405,'2025-04-10T17:17:30.035279655',NULL,8,79),(2406,'2025-04-10T17:17:30.037501111',NULL,8,81),(2407,'2025-04-10T17:17:30.046834223',NULL,8,82),(2408,'2025-04-10T17:17:55.007518498',NULL,11,83),(2409,'2025-04-10T17:17:55.016442846',NULL,11,80),(2410,'2025-04-10T17:17:55.071233514',NULL,11,81),(2411,'2025-04-10T17:17:55.072404455',NULL,11,79),(2412,'2025-04-10T17:17:55.088515078',NULL,11,82),(2413,'2025-04-10T17:17:58.026335403',NULL,11,83),(2414,'2025-04-10T17:17:58.026746597',NULL,11,82),(2415,'2025-04-10T17:17:58.029452770',NULL,11,79),(2416,'2025-04-10T17:17:58.034413343',NULL,11,80),(2417,'2025-04-10T17:17:58.039265153',NULL,11,81),(2418,'2025-04-10T17:19:06.470325960',NULL,8,83),(2419,'2025-04-10T17:19:06.488238988',NULL,8,82),(2420,'2025-04-10T17:19:06.501943594',NULL,8,80),(2421,'2025-04-10T17:19:06.530747313',NULL,8,79),(2422,'2025-04-10T17:19:06.532780799',NULL,8,81),(2423,'2025-04-10T17:19:07.642977504',NULL,11,80),(2424,'2025-04-10T17:19:07.643339707',NULL,11,83),(2425,'2025-04-10T17:19:07.643489668',NULL,11,82),(2426,'2025-04-10T17:19:07.646232609',NULL,11,81),(2427,'2025-04-10T17:19:07.679254519',NULL,11,79),(2428,'2025-04-10T17:19:09.038752099',NULL,11,83),(2429,'2025-04-10T17:19:09.039269667',NULL,11,81),(2430,'2025-04-10T17:19:09.041615169',NULL,11,82),(2431,'2025-04-10T17:19:09.050101962',NULL,11,80),(2432,'2025-04-10T17:19:09.050605793',NULL,11,79),(2433,'2025-04-10T17:19:10.309547145',NULL,11,82),(2434,'2025-04-10T17:19:10.309521272',NULL,11,81),(2435,'2025-04-10T17:19:10.310574803',NULL,11,83),(2436,'2025-04-10T17:19:10.314099141',NULL,11,80),(2437,'2025-04-10T17:19:10.317025831',NULL,11,79),(2438,'2025-04-10T17:19:12.044643352',NULL,11,83),(2439,'2025-04-10T17:19:32.360502784',NULL,6,83),(2440,'2025-04-10T17:19:32.360536889',NULL,6,80),(2441,'2025-04-10T17:19:32.360845825',NULL,6,81),(2442,'2025-04-10T17:19:32.361231317',NULL,6,82),(2443,'2025-04-10T17:19:32.361520636',NULL,6,79),(2444,'2025-04-10T17:19:44.444819950',NULL,6,83),(2445,'2025-04-10T17:19:44.446350625',NULL,6,82),(2446,'2025-04-10T17:19:44.446958990',NULL,6,80),(2447,'2025-04-10T17:19:44.448617',NULL,6,81),(2448,'2025-04-10T17:19:44.449304779',NULL,6,79),(2449,'2025-04-10T17:20:24.661722136',NULL,8,83),(2450,'2025-04-10T17:20:24.687786300',NULL,8,79),(2451,'2025-04-10T17:20:24.715084305',NULL,8,82),(2452,'2025-04-10T17:20:24.715284317',NULL,8,81),(2453,'2025-04-10T17:20:24.743046608',NULL,8,80),(2454,'2025-04-10T17:21:25.200586056',NULL,6,75),(2455,'2025-04-10T17:21:28.379920180',NULL,6,21),(2456,'2025-04-10T17:21:29.656752102',NULL,6,21),(2457,'2025-04-10T17:22:01.848350986',NULL,6,22),(2458,'2025-04-10T17:22:04.655432437',NULL,6,18),(2459,'2025-04-10T17:22:06.796750573',NULL,6,18),(2460,'2025-04-10T17:22:08.651902577',NULL,6,18),(2461,'2025-04-10T17:23:06.740863449',NULL,6,46),(2462,'2025-04-10T17:23:10.089347426',NULL,6,61),(2463,'2025-04-10T17:23:11.131010222',NULL,6,61),(2464,'2025-04-10T17:24:00.336152868',NULL,8,81),(2465,'2025-04-10T17:24:00.336156509',NULL,8,82),(2466,'2025-04-10T17:24:00.336160567',NULL,8,83),(2467,'2025-04-10T17:24:00.391830220',NULL,8,79),(2468,'2025-04-10T17:24:00.392741515',NULL,8,80),(2469,'2025-04-10T17:24:32.657114585',NULL,3,85),(2470,'2025-04-10T17:24:35.349377259',NULL,3,85),(2471,'2025-04-10T17:24:35.629269784',NULL,3,85),(2472,'2025-04-10T17:24:40.557630964',NULL,3,99),(2473,'2025-04-10T17:24:40.773387745',NULL,3,99),(2475,'2025-04-10T17:24:48.555468253',NULL,8,80),(2476,'2025-04-10T17:24:48.593536365',NULL,8,81),(2478,'2025-04-10T17:24:48.607498830',NULL,8,83),(2479,'2025-04-10T17:24:56.488684718',NULL,8,83),(2482,'2025-04-10T17:25:48.747287363',NULL,3,75),(2483,'2025-04-10T17:25:51.355015370',NULL,3,21),(2484,'2025-04-10T17:25:53.899867676',NULL,3,61),(2485,'2025-04-10T17:25:57.028061657',NULL,3,26),(2486,'2025-04-10T17:25:59.460805065',NULL,3,22),(2487,'2025-04-10T17:26:01.952985084',NULL,3,16),(2488,'2025-04-10T17:26:05.481835973',NULL,3,76),(2489,'2025-04-10T17:26:09.799306075',NULL,3,76),(2490,'2025-04-10T17:26:46.195197723',NULL,6,80),(2491,'2025-04-10T17:26:46.195421907',NULL,6,81),(2493,'2025-04-10T17:26:46.197223205',NULL,6,83),(2495,'2025-04-10T17:26:52.518865624',NULL,6,81),(2497,'2025-04-10T17:26:52.520041334',NULL,6,83),(2498,'2025-04-10T17:26:52.520519864',NULL,6,80),(2500,'2025-04-10T17:27:08.199652685',NULL,6,81),(2501,'2025-04-10T17:27:08.199636471',NULL,6,80),(2503,'2025-04-10T17:27:08.200249743',NULL,6,83),(2505,'2025-04-10T17:27:26.625908749',NULL,8,83),(2506,'2025-04-10T17:27:26.638704294',NULL,8,80),(2509,'2025-04-10T17:27:26.698851130',NULL,8,81),(2510,'2025-04-10T17:27:33.967587052',NULL,8,83),(2511,'2025-04-10T17:27:36.339901023',NULL,8,83),(2512,'2025-04-10T17:27:36.681793649',NULL,8,83),(2519,'2025-04-10T17:27:51.016164476',NULL,6,83),(2520,'2025-04-10T17:27:51.017104104',NULL,6,81),(2521,'2025-04-10T17:27:51.018627544',NULL,6,80),(2527,'2025-04-10T17:28:19.885513173',NULL,6,53),(2536,'2025-04-10T17:28:38.954855638',NULL,6,53),(2537,'2025-04-10T17:28:46.350744779',NULL,6,53),(2538,'2025-04-10T17:28:56.285641087',NULL,6,53),(2539,'2025-04-10T17:29:29.703806459',NULL,1,80),(2540,'2025-04-10T17:29:29.704777619',NULL,1,83),(2541,'2025-04-10T17:29:29.707887330',NULL,1,81),(2544,'2025-04-10T17:29:35.185816269',NULL,1,78),(2545,'2025-04-10T17:29:37.918167209',NULL,1,78),(2546,'2025-04-10T17:29:39.201866925',NULL,1,78),(2547,'2025-04-10T17:29:40.334892624',NULL,1,78),(2548,'2025-04-10T17:29:40.521725133',NULL,1,78),(2549,'2025-04-10T17:29:43.839945359',NULL,1,78),(2550,'2025-04-10T17:29:58.340549801',NULL,1,76),(2551,'2025-04-10T17:30:00.969718586',NULL,1,76),(2552,'2025-04-10T17:30:01.249915874',NULL,1,76),(2553,'2025-04-10T17:30:15.701840928',NULL,1,78),(2554,'2025-04-10T17:30:32.022666010',NULL,1,78),(2555,'2025-04-10T17:31:01.350998561',NULL,1,76),(2556,'2025-04-10T17:31:14.777502262',NULL,1,76),(2557,'2025-04-10T17:31:16.109174756',NULL,1,76),(2558,'2025-04-10T17:31:16.959182774',NULL,1,76),(2560,'2025-04-10T17:31:43.821855261',NULL,11,80),(2562,'2025-04-10T17:31:43.822454869',NULL,11,83),(2563,'2025-04-10T17:31:43.883272286',NULL,11,81),(2564,'2025-04-10T17:32:13.419025499',NULL,8,81),(2565,'2025-04-10T17:32:13.419120638',NULL,8,83),(2568,'2025-04-10T17:32:13.482533579',NULL,8,80),(2570,'2025-04-10T17:32:23.321816174',NULL,8,83),(2571,'2025-04-10T17:32:23.634355944',NULL,8,83),(2572,'2025-04-10T17:32:38.410623953',NULL,9,83),(2575,'2025-04-10T17:32:38.549599374',NULL,9,81),(2576,'2025-04-10T17:32:38.577707178',NULL,9,80),(2578,'2025-04-10T17:32:42.357595530',NULL,9,81),(2580,'2025-04-10T17:32:42.368458782',NULL,9,83),(2581,'2025-04-10T17:32:42.369993985',NULL,9,80),(2582,'2025-04-10T17:32:45.709402425',NULL,9,80),(2583,'2025-04-10T17:32:45.869053981',NULL,9,83),(2584,'2025-04-10T17:32:45.869271094',NULL,9,81),(2586,'2025-04-10T17:32:45.998042052',NULL,9,80),(2588,'2025-04-10T17:32:46.658555062',NULL,9,80),(2589,'2025-04-10T17:32:46.659106568',NULL,9,83),(2590,'2025-04-10T17:32:46.658601554',NULL,9,81),(2593,'2025-04-10T17:32:47.177899224',NULL,9,81),(2594,'2025-04-10T17:32:47.187840226',NULL,9,83),(2595,'2025-04-10T17:32:47.188617389',NULL,9,80),(2599,'2025-04-10T17:33:43.541908856',NULL,8,83),(2601,'2025-04-10T17:33:43.595006851',NULL,8,80),(2602,'2025-04-10T17:33:43.595765157',NULL,8,81),(2603,'2025-04-10T17:33:50.532630519',NULL,8,83),(2604,'2025-04-10T17:33:50.786608331',NULL,8,83),(2605,'2025-04-10T17:34:29.736840033',NULL,9,81),(2607,'2025-04-10T17:34:29.747896729',NULL,9,80),(2608,'2025-04-10T17:34:29.748043866',NULL,9,83),(2610,'2025-04-10T17:34:34.301530489',NULL,9,83),(2611,'2025-04-10T17:34:34.317904686',NULL,9,80),(2613,'2025-04-10T17:34:34.318243351',NULL,9,81),(2615,'2025-04-10T17:35:18.922212246',NULL,9,81),(2616,'2025-04-10T17:35:18.927982518',NULL,9,80),(2617,'2025-04-10T17:35:18.928241532',NULL,9,83),(2620,'2025-04-10T17:35:21.395109725',NULL,9,59),(2621,'2025-04-10T17:35:21.535103114',NULL,9,59),(2625,'2025-04-10T17:35:34.195579899',NULL,9,47),(2626,'2025-04-10T17:35:34.364373197',NULL,9,47),(2628,'2025-04-10T17:35:39.125544016',NULL,9,83),(2629,'2025-04-10T17:35:39.284419319',NULL,9,83),(2630,'2025-04-10T17:35:43.094092289',NULL,9,74),(2631,'2025-04-10T17:35:43.265084617',NULL,9,74),(2632,'2025-04-10T17:36:18.513672561',NULL,6,103),(2633,'2025-04-10T17:36:20.736218195',NULL,6,103),(2634,'2025-04-10T17:36:21.101334956',NULL,6,103),(2635,'2025-04-10T17:36:35.849561830',NULL,6,103),(2636,'2025-04-10T17:36:53.118714180',NULL,6,103),(2637,'2025-04-10T17:37:07.297674409',NULL,8,83),(2638,'2025-04-10T17:37:10.111686661',NULL,6,103),(2639,'2025-04-10T17:37:19.131066020',NULL,8,83),(2640,'2025-04-10T17:37:19.442365768',NULL,8,83),(2641,'2025-04-10T17:37:27.344956797',NULL,6,103),(2642,'2025-04-10T17:38:36.131467151',NULL,8,83),(2643,'2025-04-10T17:38:36.455918245',NULL,8,83),(2647,'2025-04-10T17:39:36.438055744',NULL,8,83),(2648,'2025-04-10T17:39:36.763610160',NULL,8,83),(2650,'2025-04-10T17:39:40.317009155',NULL,8,3),(2651,'2025-04-10T17:39:40.565592387',NULL,8,3),(2653,'2025-04-10T17:39:44.829568816',NULL,8,3),(2654,'2025-04-10T17:39:45.069562672',NULL,8,3),(2655,'2025-04-10T17:41:22.002412864',NULL,8,83),(2656,'2025-04-10T17:41:23.743357900',NULL,8,83),(2657,'2025-04-10T17:41:23.976374391',NULL,6,103),(2658,'2025-04-10T17:41:26.020480607',NULL,8,83),(2659,'2025-04-10T17:41:26.347353576',NULL,8,83),(2660,'2025-04-10T17:41:27.208587062',NULL,6,83),(2662,'2025-04-10T17:41:27.213199213',NULL,6,81),(2663,'2025-04-10T17:41:27.218609306',NULL,6,80),(2665,'2025-04-10T17:42:26.200599455',NULL,8,83),(2666,'2025-04-10T17:42:26.470254484',NULL,8,83),(2667,'2025-04-10T17:43:29.783609516',NULL,8,49),(2668,'2025-04-10T17:43:32.118814879',NULL,8,49),(2669,'2025-04-10T17:43:32.456703529',NULL,8,49),(2670,'2025-04-10T17:44:33.950092226',NULL,8,3),(2671,'2025-04-10T17:44:34.294591664',NULL,8,3),(2672,'2025-04-10T17:45:39.221879972',NULL,8,83),(2673,'2025-04-10T17:45:39.548240349',NULL,8,83),(2674,'2025-04-10T17:47:07.883570466',NULL,8,83),(2675,'2025-04-10T17:47:08.153003537',NULL,8,83),(2676,'2025-04-10T18:25:30.094546489',NULL,9,80),(2677,'2025-04-10T18:25:30.128995659',NULL,9,103),(2678,'2025-04-10T18:25:30.235895054',NULL,9,83),(2680,'2025-04-10T18:25:30.259946678',NULL,9,81),(2682,'2025-04-10T18:26:03.083683090',NULL,9,83),(2684,'2025-04-10T18:26:03.087919112',NULL,9,81),(2685,'2025-04-10T18:26:03.091525370',NULL,9,80),(2687,'2025-04-10T18:26:12.981075334',NULL,9,103),(2688,'2025-04-10T18:26:12.983773532',NULL,9,81),(2689,'2025-04-10T18:26:12.985798679',NULL,9,80),(2690,'2025-04-10T18:26:12.986172778',NULL,9,83),(2691,'2025-04-10T18:26:15.300377893',NULL,9,103),(2692,'2025-04-10T18:26:28.208767204',NULL,9,103),(2693,'2025-04-10T18:26:30.918226853',NULL,9,83),(2694,'2025-04-10T18:26:50.798502841',NULL,9,81),(2697,'2025-04-10T18:26:50.808651118',NULL,9,83),(2698,'2025-04-10T18:26:50.813640798',NULL,9,80),(2700,'2025-04-10T19:19:20.478113342',NULL,8,81),(2702,'2025-04-10T19:19:20.655738711',NULL,8,83),(2703,'2025-04-10T19:19:20.674120293',NULL,8,80),(2705,'2025-04-10T19:35:32.999324526',NULL,6,81),(2706,'2025-04-10T19:35:32.999401623',NULL,6,80),(2708,'2025-04-10T19:35:32.998851860',NULL,6,83),(2710,'2025-04-10T19:35:49.648492774',NULL,6,83),(2711,'2025-04-10T19:35:49.693439776',NULL,6,80),(2712,'2025-04-10T19:35:49.693806331',NULL,6,81),(2714,'2025-04-10T19:35:53.112403130',NULL,6,103),(2715,'2025-04-10T19:35:58.815638406',NULL,6,103),(2717,'2025-04-10T19:36:01.873491223',NULL,6,83),(2718,'2025-04-10T19:36:01.874225344',NULL,6,80),(2719,'2025-04-10T19:36:01.877103787',NULL,6,81),(2722,'2025-04-10T19:36:34.130810949',NULL,11,80),(2723,'2025-04-10T19:36:34.132851440',NULL,11,81),(2724,'2025-04-10T19:36:34.137443252',NULL,11,83),(2726,'2025-04-10T19:36:41.708402946',NULL,11,81),(2728,'2025-04-10T19:36:41.715353609',NULL,11,83),(2729,'2025-04-10T19:36:41.716504179',NULL,11,80),(2731,'2025-04-10T19:36:44.835489847',NULL,11,83),(2732,'2025-04-10T19:36:45.982435618',NULL,11,81),(2733,'2025-04-10T19:36:54.571845915',NULL,11,83),(2734,'2025-04-10T19:36:54.573801001',NULL,11,81),(2735,'2025-04-10T19:36:54.573424660',NULL,11,80),(2738,'2025-04-10T19:36:58.415822787',NULL,11,81),(2741,'2025-04-10T19:37:00.436470897',NULL,11,83),(2742,'2025-04-10T19:37:00.437624939',NULL,11,81),(2743,'2025-04-10T19:37:00.444945263',NULL,11,80),(2745,'2025-04-10T19:37:01.612959803',NULL,11,81),(2746,'2025-04-10T19:37:01.619209117',NULL,11,83),(2747,'2025-04-10T19:37:01.621096417',NULL,11,80),(2750,'2025-04-10T19:37:29.036821432',NULL,11,80),(2751,'2025-04-10T19:37:29.051643562',NULL,11,83),(2752,'2025-04-10T19:37:29.052946836',NULL,11,81),(2754,'2025-04-10T19:37:33.152146519',NULL,11,80),(2755,'2025-04-10T19:37:33.152876290',NULL,11,83),(2756,'2025-04-10T19:37:33.153153226',NULL,11,103),(2758,'2025-04-10T19:37:33.157533164',NULL,11,81),(2759,'2025-04-10T19:37:46.995261297',NULL,11,80),(2761,'2025-04-10T19:37:46.996076821',NULL,11,83),(2762,'2025-04-10T19:37:46.995450350',NULL,11,103),(2763,'2025-04-10T19:37:46.998525550',NULL,11,81),(2764,'2025-04-10T19:37:49.734694894',NULL,11,96),(2765,'2025-04-10T19:37:51.537221941',NULL,11,96),(2766,'2025-04-10T19:38:08.816864603',NULL,11,80),(2767,'2025-04-10T19:38:08.816863930',NULL,11,83),(2768,'2025-04-10T19:38:08.825320627',NULL,11,103),(2769,'2025-04-10T19:38:08.825507038',NULL,11,81),(2771,'2025-04-10T19:38:13.021627695',NULL,11,7),(2772,'2025-04-10T19:38:21.371308580',NULL,11,80),(2773,'2025-04-10T19:38:23.052636857',NULL,11,103),(2774,'2025-04-10T19:38:27.279998362',NULL,11,103),(2776,'2025-04-10T19:38:34.193801746',NULL,11,83),(2777,'2025-04-10T19:38:34.193525557',NULL,11,80),(2778,'2025-04-10T19:38:34.195449110',NULL,11,81),(2779,'2025-04-10T19:38:34.196277937',NULL,11,103),(2780,'2025-04-10T19:38:36.750292327',NULL,11,83),(2781,'2025-04-10T19:38:36.750010707',NULL,11,81),(2782,'2025-04-10T19:38:36.750017950',NULL,11,103),(2783,'2025-04-10T19:38:36.764965043',NULL,11,80),(2785,'2025-04-10T19:38:37.482902092',NULL,11,95),(2787,'2025-04-10T20:00:19.520603082',NULL,9,83),(2788,'2025-04-10T20:00:19.521641600',NULL,9,80),(2790,'2025-04-10T20:00:19.667977615',NULL,9,81),(2791,'2025-04-10T20:01:31.609935680',NULL,9,103),(2792,'2025-04-10T20:01:31.611792447',NULL,9,83),(2794,'2025-04-10T20:01:31.622753479',NULL,9,81),(2795,'2025-04-10T20:01:31.680327007',NULL,9,80),(2796,'2025-04-10T20:06:03.844584286',NULL,3,81),(2797,'2025-04-10T20:06:03.798470841',NULL,3,80),(2799,'2025-04-10T20:06:03.798579977',NULL,3,83),(2801,'2025-04-10T20:08:34.560118845',NULL,11,83),(2803,'2025-04-10T20:08:34.627258570',NULL,11,80),(2805,'2025-04-10T20:08:34.653854379',NULL,11,81),(2806,'2025-04-10T20:08:40.544279309',NULL,11,107),(2807,'2025-04-10T20:08:53.041405278',NULL,11,107),(2808,'2025-04-10T20:09:55.476875489',NULL,11,107),(2809,'2025-04-10T20:09:57.911180810',NULL,11,107),(2810,'2025-04-10T20:10:37.314338823',NULL,11,107),(2811,'2025-04-10T20:10:41.353321548',NULL,11,107),(2812,'2025-04-10T20:10:54.226160638',NULL,11,81),(2813,'2025-04-10T20:11:37.196861225',NULL,11,107),(2814,'2025-04-10T20:11:40.410647552',NULL,11,107),(2815,'2025-04-10T20:12:47.846472072',NULL,11,107),(2816,'2025-04-10T20:12:47.985759993',NULL,11,107),(2819,'2025-04-10T20:14:39.309271327',NULL,9,81),(2820,'2025-04-10T20:14:39.317397952',NULL,9,80),(2821,'2025-04-10T20:14:39.327952383',NULL,9,83),(2823,'2025-04-10T20:16:19.455712782',NULL,9,80),(2824,'2025-04-10T20:16:19.456861523',NULL,9,81),(2826,'2025-04-10T20:16:19.457935048',NULL,9,83),(2827,'2025-04-10T20:16:24.025901591',NULL,9,103),(2828,'2025-04-10T20:16:24.025658357',NULL,9,80),(2829,'2025-04-10T20:16:24.025661154',NULL,9,83),(2830,'2025-04-10T20:16:24.026289470',NULL,9,81),(2832,'2025-04-10T20:16:37.162619090',NULL,9,81),(2834,'2025-04-10T20:16:54.263172553',NULL,9,83),(2835,'2025-04-10T20:16:54.267331131',NULL,9,81),(2836,'2025-04-10T20:16:54.267909659',NULL,9,80),(2839,'2025-04-10T20:17:03.961911071',NULL,5,83),(2840,'2025-04-10T20:17:03.969105382',NULL,5,81),(2841,'2025-04-10T20:17:03.971246493',NULL,5,80),(2844,'2025-04-10T20:17:08.937330406',NULL,5,80),(2846,'2025-04-10T20:17:08.945522902',NULL,5,81),(2847,'2025-04-10T20:17:08.949330015',NULL,5,83),(2848,'2025-04-10T20:17:20.710877383',NULL,5,98),(2849,'2025-04-10T20:17:20.711153226',NULL,5,103),(2851,'2025-04-10T20:17:20.726047416',NULL,5,96),(2852,'2025-04-10T20:17:42.141958399',NULL,5,81),(2853,'2025-04-10T20:19:35.261027234',NULL,8,103),(2854,'2025-04-10T20:19:59.435281706',NULL,8,81),(2855,'2025-04-10T20:21:15.229868411',NULL,7,83),(2857,'2025-04-10T20:21:15.290056130',NULL,7,81),(2859,'2025-04-10T20:21:15.301879213',NULL,7,80),(2861,'2025-04-10T20:21:41.923302725',NULL,11,83),(2862,'2025-04-10T20:21:41.923527777',NULL,11,80),(2863,'2025-04-10T20:21:41.924108193',NULL,11,81),(2866,'2025-04-10T20:23:51.670064683',NULL,11,47),(2867,'2025-04-10T20:24:00.300245348',NULL,11,47),(2868,'2025-04-10T20:24:04.282174929',NULL,8,80),(2869,'2025-04-10T20:24:04.307055215',NULL,8,103),(2870,'2025-04-10T20:24:04.307455301',NULL,8,81),(2872,'2025-04-10T20:24:04.311065439',NULL,8,83),(2873,'2025-04-10T20:24:14.280538041',NULL,11,47),(2874,'2025-04-10T20:24:17.385022959',NULL,11,47),(2875,'2025-04-10T20:24:32.795432630',NULL,8,80),(2877,'2025-04-10T20:24:32.796403355',NULL,8,81),(2878,'2025-04-10T20:24:32.798210568',NULL,8,83),(2880,'2025-04-10T20:24:43.831749623',NULL,8,13),(2881,'2025-04-10T20:24:52.901105138',NULL,8,81),(2883,'2025-04-10T20:24:52.902437863',NULL,8,83),(2885,'2025-04-10T20:24:52.910240778',NULL,8,80),(2887,'2025-04-10T20:26:23.964815379',NULL,8,83),(2888,'2025-04-10T20:26:23.964731105',NULL,8,80),(2889,'2025-04-10T20:26:23.967929933',NULL,8,81),(2891,'2025-04-10T20:26:27.574597335',NULL,8,103),(2892,'2025-04-10T20:26:27.574414972',NULL,8,81),(2893,'2025-04-10T20:26:27.575882011',NULL,8,80),(2895,'2025-04-10T20:26:27.582745484',NULL,8,83),(2896,'2025-04-10T20:26:30.594854563',NULL,8,80),(2897,'2025-04-10T20:26:30.594854563',NULL,8,81),(2899,'2025-04-10T20:26:30.597734935',NULL,8,83),(2900,'2025-04-10T20:26:30.595363004',NULL,8,103),(2902,'2025-04-10T20:26:38.290446074',NULL,11,83),(2903,'2025-04-10T20:26:38.292951715',NULL,11,81),(2905,'2025-04-10T20:26:38.296662669',NULL,11,80),(2906,'2025-04-10T20:26:46.745670762',NULL,11,47),(2907,'2025-04-10T20:27:27.578259651',NULL,11,111),(2908,'2025-04-10T20:27:47.260470495',NULL,11,111),(2909,'2025-04-10T20:27:52.051176424',NULL,11,111),(2910,'2025-04-10T20:27:52.285413767',NULL,11,111),(2912,'2025-04-10T20:29:49.010584719',NULL,11,83),(2914,'2025-04-10T20:29:49.014111469',NULL,11,81),(2915,'2025-04-10T20:29:49.017553386',NULL,11,80),(2916,'2025-04-10T20:30:57.608199105',NULL,11,103),(2917,'2025-04-10T20:30:57.614320474',NULL,11,81),(2919,'2025-04-10T20:30:57.667406508',NULL,11,83),(2920,'2025-04-10T20:30:57.677579278',NULL,11,80),(2921,'2025-04-10T20:32:01.103497469',NULL,11,111),(2922,'2025-04-10T20:32:01.277559505',NULL,11,111),(2923,'2025-04-10T20:33:32.066680990',NULL,11,111),(2924,'2025-04-10T20:33:32.193689314',NULL,11,111),(2925,'2025-04-10T20:35:11.264170040',NULL,11,111),(2926,'2025-04-10T20:38:09.593944187',NULL,11,83),(2929,'2025-04-10T20:38:09.656673928',NULL,11,81),(2930,'2025-04-10T20:38:09.662221684',NULL,11,80),(2931,'2025-04-10T20:39:16.252429419',NULL,11,111),(2932,'2025-04-10T20:39:16.412760822',NULL,11,111),(2933,'2025-04-10T20:39:19.127961720',NULL,3,112),(2934,'2025-04-10T20:39:19.300728894',NULL,3,112),(2935,'2025-04-10T20:40:20.837671311',NULL,3,83),(2937,'2025-04-10T20:40:20.838711256',NULL,3,81),(2938,'2025-04-10T20:40:20.842107040',NULL,3,80),(2940,'2025-04-10T20:40:23.001484611',NULL,3,81),(2942,'2025-04-10T20:40:23.002747769',NULL,3,83),(2943,'2025-04-10T20:40:23.008555931',NULL,3,103),(2944,'2025-04-10T20:40:23.009742400',NULL,3,80),(2945,'2025-04-10T20:55:00.869409581',NULL,11,113),(2946,'2025-04-10T20:55:00.997957',NULL,11,113),(2947,'2025-04-10T20:55:08.016354065',NULL,11,113),(2948,'2025-04-10T20:55:23.375166422',NULL,11,115),(2949,'2025-04-10T20:56:18.200513930',NULL,11,113),(2950,'2025-04-10T20:56:18.367614696',NULL,11,113),(2951,'2025-04-10T20:56:27.599323844',NULL,11,115),(2952,'2025-04-10T20:56:27.721023605',NULL,11,115),(2953,'2025-04-10T20:58:24.735215887',NULL,11,83),(2954,'2025-04-10T20:58:24.735482550',NULL,11,116),(2956,'2025-04-10T20:58:24.735343443',NULL,11,117),(2957,'2025-04-10T20:58:24.750988689',NULL,11,81),(2958,'2025-04-10T20:58:47.654047404',NULL,11,114),(2959,'2025-04-10T20:58:58.709079524',NULL,11,73),(2960,'2025-04-10T20:59:04.684996488',NULL,11,114),(2961,'2025-04-10T20:59:04.826325648',NULL,11,114),(2962,'2025-04-10T20:59:13.583469725',NULL,11,73),(2963,'2025-04-10T20:59:14.032450374',NULL,11,73),(2964,'2025-04-10T20:59:16.359571297',NULL,11,73),(2967,'2025-04-10T20:59:27.308220473',NULL,11,59),(2968,'2025-04-10T20:59:28.286224138',NULL,11,118),(2969,'2025-04-10T20:59:28.398889478',NULL,11,118),(2970,'2025-04-10T20:59:30.389395826',NULL,11,59),(2971,'2025-04-10T20:59:30.648119855',NULL,11,59),(2972,'2025-04-10T20:59:32.839407318',NULL,11,119),(2973,'2025-04-10T20:59:33.039525717',NULL,11,119),(2974,'2025-04-10T20:59:35.901271127',NULL,11,73),(2975,'2025-04-10T20:59:37.573308754',NULL,11,39),(2976,'2025-04-10T20:59:40.308890019',NULL,11,35),(2977,'2025-04-10T20:59:43.138029735',NULL,11,34),(2978,'2025-04-10T20:59:45.592721662',NULL,11,66),(2979,'2025-04-10T20:59:48.712583661',NULL,11,31),(2980,'2025-04-10T20:59:52.307980899',NULL,11,29),(2981,'2025-04-10T20:59:57.711991755',NULL,11,17),(2982,'2025-04-10T20:59:58.633846043',NULL,11,117),(2983,'2025-04-10T20:59:58.745712344',NULL,11,117),(2984,'2025-04-10T21:00:02.545614722',NULL,11,117),(2986,'2025-04-10T21:00:06.461808185',NULL,11,116),(2987,'2025-04-10T21:00:07.052246234',NULL,11,73),(2988,'2025-04-10T21:00:09.200091692',NULL,11,116),(2989,'2025-04-10T21:00:09.306732337',NULL,11,116),(2990,'2025-04-10T21:00:13.476450003',NULL,11,73),(2991,'2025-04-10T21:00:13.732411328',NULL,11,73),(2993,'2025-04-10T21:00:20.163001246',NULL,11,117),(2994,'2025-04-10T21:00:20.276400897',NULL,11,117),(2998,'2025-04-10T21:00:35.392047479',NULL,11,38),(2999,'2025-04-10T21:00:39.767837855',NULL,11,59),(3000,'2025-04-10T21:00:42.204524598',NULL,11,37),(3001,'2025-04-10T21:00:46.417240727',NULL,11,37),(3002,'2025-04-10T21:00:46.670208119',NULL,11,37),(3003,'2025-04-10T21:00:50.174742404',NULL,11,37),(3004,'2025-04-10T21:01:49.030525614',NULL,11,120),(3005,'2025-04-10T21:01:49.142682750',NULL,11,120),(3006,'2025-04-10T21:02:05.142726355',NULL,11,120),(3007,'2025-04-10T21:02:51.808778457',NULL,11,117),(3009,'2025-04-10T21:02:51.809959375',NULL,11,83),(3010,'2025-04-10T21:02:51.810301565',NULL,11,116),(3011,'2025-04-10T21:02:51.812318770',NULL,11,81),(3012,'2025-04-10T21:03:12.196215573',NULL,11,118),(3013,'2025-04-10T21:03:18.932050488',NULL,11,118),(3014,'2025-04-10T21:03:19.068582836',NULL,11,118),(3015,'2025-04-10T21:04:18.926815818',NULL,11,9),(3016,'2025-04-10T21:04:20.033684082',NULL,11,119),(3017,'2025-04-10T21:04:22.096046971',NULL,11,119),(3018,'2025-04-10T21:04:22.204946575',NULL,11,119),(3019,'2025-04-10T21:04:22.824920071',NULL,11,9),(3020,'2025-04-10T21:04:23.064949622',NULL,11,9),(3021,'2025-04-10T21:04:28.689524589',NULL,11,49),(3022,'2025-04-10T21:04:34.676078056',NULL,11,49),(3023,'2025-04-10T21:04:34.919080167',NULL,11,49),(3024,'2025-04-10T21:04:40.722021420',NULL,11,10),(3025,'2025-04-10T21:04:40.971214114',NULL,11,10),(3026,'2025-04-10T21:04:46.330567700',NULL,11,60),(3027,'2025-04-10T21:04:46.546000685',NULL,11,60),(3028,'2025-04-10T21:04:49.371209253',NULL,11,73),(3029,'2025-04-10T21:04:53.964975588',NULL,11,118),(3030,'2025-04-10T21:04:57.764852846',NULL,11,66),(3031,'2025-04-10T21:04:57.980363038',NULL,11,66),(3032,'2025-04-10T21:04:58.081711106',NULL,11,114),(3033,'2025-04-10T21:04:58.194930112',NULL,11,114),(3034,'2025-04-10T21:05:03.023377198',NULL,11,17),(3035,'2025-04-10T21:05:03.275929671',NULL,11,17),(3036,'2025-04-10T21:05:04.399385264',NULL,11,118),(3037,'2025-04-10T21:05:04.513113212',NULL,11,118),(3038,'2025-04-10T21:05:07.201910987',NULL,11,59),(3039,'2025-04-10T21:05:17.066655600',NULL,11,39),(3040,'2025-04-10T21:07:05.554545488',NULL,11,116),(3041,'2025-04-10T21:07:05.584414645',NULL,11,81),(3042,'2025-04-10T21:07:05.589898024',NULL,11,117),(3043,'2025-04-10T21:07:05.622301326',NULL,11,83),(3045,'2025-04-10T21:07:13.884146432',NULL,3,117),(3046,'2025-04-10T21:07:13.884397323',NULL,3,116),(3047,'2025-04-10T21:07:13.884734668',NULL,3,83),(3048,'2025-04-10T21:07:13.885062642',NULL,3,103),(3050,'2025-04-10T21:07:20.538902635',NULL,3,81),(3051,'2025-04-10T21:07:20.538902635',NULL,3,117),(3052,'2025-04-10T21:07:20.540170933',NULL,3,116),(3053,'2025-04-10T21:07:20.543891493',NULL,3,83),(3055,'2025-04-10T21:07:32.649916725',NULL,3,117),(3056,'2025-04-10T21:07:32.650413838',NULL,3,116),(3057,'2025-04-10T21:07:32.650757688',NULL,3,103),(3059,'2025-04-10T21:07:32.657087216',NULL,3,83),(3060,'2025-04-10T21:07:39.850846102',NULL,3,120),(3061,'2025-04-10T21:07:45.161212126',NULL,3,120),(3062,'2025-04-10T21:07:45.296563675',NULL,3,120),(3063,'2025-04-10T21:07:52.436041880',NULL,11,116),(3065,'2025-04-10T21:07:52.435898016',NULL,11,83),(3066,'2025-04-10T21:07:52.437322121',NULL,11,117),(3067,'2025-04-10T21:07:52.443220059',NULL,11,81),(3068,'2025-04-10T21:09:29.506732537',NULL,3,118),(3069,'2025-04-10T21:09:29.609532347',NULL,3,118),(3070,'2025-04-10T21:09:47.829813595',NULL,3,118),(3071,'2025-04-10T21:09:47.951554259',NULL,3,118),(3072,'2025-04-10T21:10:04.467318847',NULL,3,117),(3073,'2025-04-10T21:10:04.578909838',NULL,3,117),(3074,'2025-04-10T21:10:12.477093522',NULL,3,116),(3075,'2025-04-10T21:10:12.579473935',NULL,3,116),(3077,'2025-04-10T21:11:18.317230446',NULL,11,83),(3078,'2025-04-10T21:11:18.321047276',NULL,11,117),(3079,'2025-04-10T21:11:18.322799583',NULL,11,116),(3080,'2025-04-10T21:11:18.331343366',NULL,11,81),(3081,'2025-04-10T21:11:21.944611384',NULL,11,83),(3082,'2025-04-10T21:11:21.944614214',NULL,11,116),(3083,'2025-04-10T21:11:21.944614214',NULL,11,103),(3085,'2025-04-10T21:11:21.950592952',NULL,11,117),(3086,'2025-04-10T21:11:26.547166080',NULL,11,117),(3087,'2025-04-10T21:11:26.547342674',NULL,11,83),(3088,'2025-04-10T21:11:26.583900739',NULL,11,116),(3089,'2025-04-10T21:11:26.585428765',NULL,11,81),(3091,'2025-04-10T21:11:26.979255766',NULL,11,83),(3092,'2025-04-10T21:11:26.979366433',NULL,11,116),(3093,'2025-04-10T21:11:26.979468202',NULL,11,117),(3095,'2025-04-10T21:11:27.025373167',NULL,11,81),(3097,'2025-04-10T21:11:28.882288985',NULL,11,116),(3098,'2025-04-10T21:11:28.882900062',NULL,11,83),(3099,'2025-04-10T21:11:28.886921962',NULL,11,103),(3100,'2025-04-10T21:11:28.887290849',NULL,11,117),(3101,'2025-04-10T21:11:32.386210730',NULL,11,83),(3102,'2025-04-10T21:11:32.386219584',NULL,11,116),(3103,'2025-04-10T21:11:32.386398340',NULL,11,103),(3105,'2025-04-10T21:11:32.388493139',NULL,11,117),(3106,'2025-04-10T21:11:32.600786640',NULL,11,117),(3107,'2025-04-10T21:11:32.602706121',NULL,11,103),(3108,'2025-04-10T21:11:32.603382075',NULL,11,83),(3110,'2025-04-10T21:11:32.605242836',NULL,11,116),(3111,'2025-04-10T21:11:32.897682267',NULL,11,103),(3112,'2025-04-10T21:11:32.897514831',NULL,11,116),(3113,'2025-04-10T21:11:32.898508093',NULL,11,117),(3114,'2025-04-10T21:11:32.901240114',NULL,11,83),(3116,'2025-04-10T21:11:40.435805284',NULL,11,94),(3117,'2025-04-10T21:12:00.067874957',NULL,11,118),(3118,'2025-04-10T21:12:00.166518086',NULL,11,118),(3119,'2025-04-10T21:12:15.177948173',NULL,11,83),(3120,'2025-04-10T21:12:15.177582145',NULL,11,116),(3121,'2025-04-10T21:12:15.183726099',NULL,11,103),(3122,'2025-04-10T21:12:15.188436676',NULL,11,117),(3124,'2025-04-10T21:13:16.063165605',NULL,11,118),(3125,'2025-04-10T21:13:16.178666483',NULL,11,118),(3126,'2025-04-10T21:14:50.885566824',NULL,11,119),(3127,'2025-04-10T21:14:51.008293682',NULL,11,119),(3128,'2025-04-10T21:14:52.132707550',NULL,11,116),(3129,'2025-04-10T21:14:52.132707550',NULL,11,83),(3130,'2025-04-10T21:14:52.139254162',NULL,11,117),(3131,'2025-04-10T21:14:52.164213545',NULL,11,103),(3133,'2025-04-10T21:14:57.138554653',NULL,11,114),(3134,'2025-04-10T21:14:57.249457623',NULL,11,114),(3135,'2025-04-10T21:15:03.779100721',NULL,11,117),(3136,'2025-04-10T21:15:03.781345085',NULL,11,83),(3137,'2025-04-10T21:15:03.782733717',NULL,11,116),(3139,'2025-04-10T21:15:03.828818906',NULL,11,81),(3140,'2025-04-10T21:15:23.962287468',NULL,11,120),(3141,'2025-04-10T21:15:24.085444273',NULL,11,120),(3142,'2025-04-10T21:15:59.985939279',NULL,8,96),(3143,'2025-04-10T21:16:00.178791885',NULL,8,96),(3144,'2025-04-10T21:16:29.295027788',NULL,11,120),(3145,'2025-04-10T21:17:20.734298536',NULL,11,118),(3146,'2025-04-10T21:17:20.836465875',NULL,11,118),(3148,'2025-04-10T21:17:46.318457117',NULL,11,83),(3149,'2025-04-10T21:17:46.319398508',NULL,11,116),(3150,'2025-04-10T21:17:46.320101116',NULL,11,117),(3151,'2025-04-10T21:17:46.322551452',NULL,11,81),(3152,'2025-04-10T21:18:23.281108552',NULL,11,117),(3153,'2025-04-10T21:18:23.282335239',NULL,11,116),(3154,'2025-04-10T21:18:23.283070289',NULL,11,103),(3155,'2025-04-10T21:18:23.286034047',NULL,11,83),(3159,'2025-04-10T21:18:35.522393322',NULL,11,47),(3161,'2025-04-10T21:18:40.385057150',NULL,11,83),(3163,'2025-04-10T21:18:47.305343206',NULL,11,47),(3164,'2025-04-10T21:18:47.416977357',NULL,11,47),(3167,'2025-04-10T21:18:52.763484087',NULL,11,47),(3168,'2025-04-10T21:18:52.876423127',NULL,11,47),(3169,'2025-04-10T21:18:56.863892637',NULL,11,83),(3170,'2025-04-10T21:19:08.649159727',NULL,11,116),(3172,'2025-04-10T21:19:08.649870903',NULL,11,83),(3173,'2025-04-10T21:19:08.651049736',NULL,11,103),(3174,'2025-04-10T21:19:08.651276499',NULL,11,117),(3175,'2025-04-10T21:19:45.486554672',NULL,11,83),(3176,'2025-04-10T21:19:50.830170225',NULL,11,116),(3177,'2025-04-10T21:19:50.830180365',NULL,11,117),(3179,'2025-04-10T21:19:50.839946729',NULL,11,83),(3180,'2025-04-10T21:19:50.841733793',NULL,11,81),(3181,'2025-04-10T21:19:51.892996831',NULL,11,47),(3182,'2025-04-10T21:19:53.090304632',NULL,11,83),(3183,'2025-04-10T21:19:59.858860846',NULL,11,83),(3184,'2025-04-10T21:22:37.329947953',NULL,11,118),(3185,'2025-04-10T21:22:37.498310344',NULL,11,118),(3186,'2025-04-10T21:24:42.500991383',NULL,11,119),(3187,'2025-04-10T21:24:42.599680438',NULL,11,119),(3188,'2025-04-10T21:25:25.218276165',NULL,11,114),(3189,'2025-04-10T21:25:25.321118911',NULL,11,114),(3190,'2025-04-10T21:26:56.559092654',NULL,11,120),(3191,'2025-04-10T21:27:48.962666095',NULL,8,117),(3192,'2025-04-10T21:27:48.969603998',NULL,8,81),(3194,'2025-04-10T21:27:49.005751760',NULL,8,83),(3195,'2025-04-10T21:27:49.006356497',NULL,8,116),(3196,'2025-04-10T21:27:52.221857868',NULL,8,117),(3197,'2025-04-10T21:27:52.222392361',NULL,8,116),(3198,'2025-04-10T21:27:52.223316753',NULL,8,83),(3200,'2025-04-10T21:27:52.232405075',NULL,8,81),(3201,'2025-04-10T21:32:54.727994021',NULL,11,117),(3202,'2025-04-10T21:32:54.727919837',NULL,11,83),(3203,'2025-04-10T21:32:54.728358553',NULL,11,116),(3205,'2025-04-10T21:32:54.729440502',NULL,11,81),(3207,'2025-04-10T21:33:09.348997274',NULL,11,83),(3208,'2025-04-10T21:33:09.348784251',NULL,11,117),(3209,'2025-04-10T21:33:09.349547468',NULL,11,116),(3210,'2025-04-10T21:33:09.352026511',NULL,11,81),(3211,'2025-04-10T21:36:01.039366689',NULL,11,116),(3212,'2025-04-10T21:36:01.038995873',NULL,11,117),(3213,'2025-04-10T21:36:01.076659717',NULL,11,83),(3215,'2025-04-10T21:36:01.084311131',NULL,11,81),(3216,'2025-04-10T21:37:00.227084937',NULL,11,103),(3217,'2025-04-10T21:37:00.229271043',NULL,11,116),(3218,'2025-04-10T21:37:00.230387123',NULL,11,83),(3219,'2025-04-10T21:37:00.234518308',NULL,11,117),(3221,'2025-04-10T21:48:11.275799441',NULL,11,117),(3222,'2025-04-10T21:48:11.283473696',NULL,11,116),(3223,'2025-04-10T21:48:11.315249340',NULL,11,83),(3225,'2025-04-10T21:48:11.326790564',NULL,11,81),(3226,'2025-04-10T21:48:58.322954456',NULL,11,117),(3227,'2025-04-10T21:48:58.323393268',NULL,11,116),(3228,'2025-04-10T21:48:58.323599068',NULL,11,103),(3230,'2025-04-10T21:49:03.343272244',NULL,11,83),(3231,'2025-04-10T21:50:53.534786725',NULL,11,117),(3232,'2025-04-10T21:50:53.542993513',NULL,11,83),(3233,'2025-04-10T21:50:53.544996151',NULL,11,81),(3234,'2025-04-10T21:50:53.549961443',NULL,11,116),(3236,'2025-04-10T21:50:59.819129771',NULL,11,103),(3237,'2025-04-10T21:50:59.819164256',NULL,11,116),(3238,'2025-04-10T21:50:59.819102112',NULL,11,117),(3240,'2025-04-10T21:50:59.866060407',NULL,11,83),(3241,'2025-04-10T21:51:48.884159537',NULL,11,117),(3242,'2025-04-10T21:51:48.887360287',NULL,11,103),(3243,'2025-04-10T21:51:48.887535153',NULL,11,83),(3244,'2025-04-10T21:51:48.887566434',NULL,11,116),(3246,'2025-04-11T02:32:02.166650247',NULL,5,116),(3247,'2025-04-11T02:32:02.163986578',NULL,5,81),(3248,'2025-04-11T02:32:02.163443049',NULL,5,117),(3250,'2025-04-11T02:32:02.230420695',NULL,5,83),(3251,'2025-04-11T02:32:12.944401402',NULL,5,83),(3252,'2025-04-11T02:32:12.947265736',NULL,5,81),(3254,'2025-04-11T02:32:12.947939176',NULL,5,117),(3255,'2025-04-11T02:32:12.948337828',NULL,5,116),(3257,'2025-04-11T02:32:47.690312363',NULL,5,116),(3258,'2025-04-11T02:32:47.690279246',NULL,5,83),(3259,'2025-04-11T02:32:47.696439374',NULL,5,117),(3260,'2025-04-11T02:32:47.699229932',NULL,5,81),(3261,'2025-04-11T02:32:53.077261430',NULL,5,122),(3262,'2025-04-11T02:32:53.080633499',NULL,5,116),(3263,'2025-04-11T02:32:53.082075741',NULL,5,117),(3264,'2025-04-11T02:32:53.085867821',NULL,5,121),(3265,'2025-04-11T02:32:59.693616212',NULL,5,83),(3266,'2025-04-11T02:32:59.695033174',NULL,5,117),(3267,'2025-04-11T02:32:59.696581228',NULL,5,81),(3268,'2025-04-11T02:32:59.696521473',NULL,5,116),(3270,'2025-04-11T02:33:04.274076941',NULL,5,122),(3271,'2025-04-11T02:33:04.274019892',NULL,5,116),(3272,'2025-04-11T02:33:04.276667861',NULL,5,117),(3273,'2025-04-11T02:33:04.278793473',NULL,5,121),(3274,'2025-04-11T02:33:38.740270162',NULL,5,117),(3275,'2025-04-11T02:33:38.741803093',NULL,5,83),(3277,'2025-04-11T02:33:38.746731486',NULL,5,116),(3278,'2025-04-11T02:33:38.771035719',NULL,5,81),(3279,'2025-04-11T02:33:56.684818722',NULL,5,83),(3281,'2025-04-11T02:33:56.688432734',NULL,5,116),(3282,'2025-04-11T02:33:56.691293247',NULL,5,117),(3283,'2025-04-11T02:34:07.930948763',NULL,5,116),(3284,'2025-04-11T02:34:07.930948763',NULL,5,122),(3285,'2025-04-11T02:34:07.932432556',NULL,5,117),(3286,'2025-04-11T02:34:07.931004430',NULL,5,121),(3287,'2025-04-11T02:34:24.020313428',NULL,5,122),(3288,'2025-04-11T02:34:24.022160964',NULL,5,121),(3289,'2025-04-11T02:34:24.071267600',NULL,5,117),(3290,'2025-04-11T02:34:24.088519508',NULL,5,117),(3291,'2025-04-11T02:34:24.089489975',NULL,5,116),(3292,'2025-04-11T02:34:24.102386402',NULL,5,116),(3293,'2025-04-11T02:34:24.106680787',NULL,5,83),(3295,'2025-04-11T02:34:24.152807622',NULL,5,81),(3296,'2025-04-11T06:54:19.913300032',NULL,10,103),(3297,'2025-04-11T06:54:46.802905816',NULL,10,103),(3298,'2025-04-11T06:55:24.212765773',NULL,10,81),(3299,'2025-04-11T06:55:33.798608935',NULL,10,81),(3300,'2025-04-11T06:55:42.481943218',NULL,10,81),(3301,'2025-04-11T06:55:51.219680208',NULL,10,81),(3302,'2025-04-11T06:56:00.048450095',NULL,10,81),(3303,'2025-04-11T06:56:08.879558268',NULL,10,81),(3304,'2025-04-11T06:56:17.692236675',NULL,10,81),(3305,'2025-04-11T06:56:26.342551982',NULL,10,81),(3306,'2025-04-11T06:56:35.027552382',NULL,10,81),(3307,'2025-04-11T06:56:43.783472095',NULL,10,81),(3308,'2025-04-11T06:56:52.688253979',NULL,10,81),(3309,'2025-04-11T06:57:01.363486860',NULL,10,81),(3310,'2025-04-11T06:57:10.072584747',NULL,10,81),(3311,'2025-04-11T06:57:18.738510714',NULL,10,81),(3312,'2025-04-11T06:57:27.453421113',NULL,10,81),(3313,'2025-04-11T06:58:04.862670718',NULL,10,81),(3314,'2025-04-11T06:59:37.105458536',NULL,10,103),(3315,'2025-04-11T06:59:41.480072015',NULL,10,103),(3316,'2025-04-11T06:59:55.430537859',NULL,10,103),(3317,'2025-04-11T06:59:59.586966193',NULL,10,103),(3318,'2025-04-11T07:00:14.794675221',NULL,10,103),(3319,'2025-04-11T07:00:20.778397435',NULL,10,32),(3320,'2025-04-11T07:00:34.683467084',NULL,10,42),(3321,'2025-04-11T07:00:36.582573067',NULL,10,42),(3322,'2025-04-11T07:01:17.217687963',NULL,10,103),(3323,'2025-04-11T07:01:21.344338464',NULL,10,81),(3324,'2025-04-11T07:01:38.662068255',NULL,10,118),(3325,'2025-04-11T07:01:41.048531136',NULL,10,118),(3326,'2025-04-11T07:01:43.467716074',NULL,10,118),(3327,'2025-04-11T07:01:44.287156319',NULL,10,118),(3328,'2025-04-11T07:01:44.531020305',NULL,10,118),(3329,'2025-04-11T07:01:44.747696587',NULL,10,118),(3330,'2025-04-11T07:01:45.617881731',NULL,10,46),(3331,'2025-04-11T07:01:46.239450434',NULL,10,46),(3332,'2025-04-11T07:01:46.923248108',NULL,10,118),(3333,'2025-04-11T07:01:47.869649416',NULL,10,118),(3334,'2025-04-11T07:01:48.947778754',NULL,10,118),(3335,'2025-04-11T07:01:58.881073171',NULL,10,118),(3336,'2025-04-11T07:01:59.650950666',NULL,10,118),(3337,'2025-04-11T07:02:00.155826430',NULL,10,46),(3338,'2025-04-11T07:02:00.705597378',NULL,10,46),(3339,'2025-04-11T07:02:01.010531431',NULL,10,46),(3341,'2025-04-11T07:02:06.130784666',NULL,10,58),(3342,'2025-04-11T07:02:09.507713307',NULL,10,32),(3343,'2025-04-11T07:02:17.150927125',NULL,10,103),(3344,'2025-04-11T07:02:18.265775835',NULL,10,103),(3345,'2025-04-11T07:02:18.882326259',NULL,10,103),(3346,'2025-04-11T07:02:19.162978676',NULL,10,103),(3347,'2025-04-11T07:02:22.640005987',NULL,10,103),(3348,'2025-04-11T07:02:26.541542961',NULL,10,103),(3349,'2025-04-11T07:02:36.527655839',NULL,10,32),(3350,'2025-04-11T07:03:09.246326283',NULL,10,83),(3351,'2025-04-11T07:03:10.082115990',NULL,10,83),(3354,'2025-04-11T07:03:11.856264739',NULL,10,103),(3355,'2025-04-11T07:03:12.529159745',NULL,10,103),(3356,'2025-04-11T07:03:16.234898844',NULL,10,83),(3357,'2025-04-11T07:03:31.920513201',NULL,10,103),(3358,'2025-04-11T07:03:33.370003215',NULL,10,103),(3361,'2025-04-11T07:03:36.076333871',NULL,10,83),(3362,'2025-04-11T07:03:36.787689804',NULL,10,83),(3363,'2025-04-11T07:03:37.663108615',NULL,10,83),(3364,'2025-04-11T07:03:42.510173310',NULL,10,103),(3365,'2025-04-11T07:03:54.635353053',NULL,10,81),(3366,'2025-04-11T07:04:03.076639533',NULL,10,103),(3367,'2025-04-11T07:04:10.941638602',NULL,10,103),(3368,'2025-04-11T07:04:12.464519499',NULL,10,103),(3369,'2025-04-11T07:04:13.473378147',NULL,10,103),(3370,'2025-04-11T07:04:15.612867792',NULL,10,103),(3371,'2025-04-11T07:04:15.950380731',NULL,10,103),(3372,'2025-04-11T07:04:17.729755823',NULL,10,103),(3373,'2025-04-11T08:28:36.908724431',NULL,11,117),(3374,'2025-04-11T08:28:36.943118741',NULL,11,116),(3376,'2025-04-11T08:28:36.952176358',NULL,11,83),(3377,'2025-04-11T08:28:36.964649407',NULL,11,81),(3378,'2025-04-11T08:40:54.085048340',NULL,5,121),(3379,'2025-04-11T08:40:54.089750656',NULL,5,122),(3380,'2025-04-11T08:40:54.229858053',NULL,5,116),(3381,'2025-04-11T08:40:54.262210635',NULL,5,117),(3383,'2025-04-11T08:41:08.537063402',NULL,11,81),(3384,'2025-04-11T08:41:08.538605555',NULL,11,83),(3385,'2025-04-11T08:41:08.539547306',NULL,11,117),(3386,'2025-04-11T08:41:08.539606593',NULL,11,116),(3388,'2025-04-11T08:41:25.820188215',NULL,11,117),(3389,'2025-04-11T08:41:25.829588426',NULL,11,116),(3390,'2025-04-11T08:41:25.880095983',NULL,11,81),(3392,'2025-04-11T08:41:25.969303500',NULL,11,83),(3393,'2025-04-11T08:41:37.730926724',NULL,11,47),(3394,'2025-04-11T08:41:51.001969807',NULL,11,47),(3395,'2025-04-11T08:42:44.763044458',NULL,11,47),(3396,'2025-04-11T08:42:50.452382722',NULL,11,83),(3397,'2025-04-11T08:42:50.452382722',NULL,11,117),(3398,'2025-04-11T08:42:50.470509051',NULL,11,116),(3399,'2025-04-11T08:42:50.471276606',NULL,11,81),(3401,'2025-04-11T08:42:58.930529789',NULL,11,53),(3402,'2025-04-11T08:43:04.270562552',NULL,11,103),(3403,'2025-04-11T08:43:04.270814595',NULL,11,116),(3404,'2025-04-11T08:43:04.270809485',NULL,11,117),(3406,'2025-04-11T08:43:07.483443977',NULL,11,83),(3407,'2025-04-11T08:43:13.323699533',NULL,11,116),(3408,'2025-04-11T08:43:27.222760884',NULL,11,80),(3409,'2025-04-11T08:45:16.524528527',NULL,11,117),(3411,'2025-04-11T08:45:16.528991426',NULL,11,83),(3412,'2025-04-11T08:45:16.537745460',NULL,11,81),(3413,'2025-04-11T08:45:16.539769255',NULL,11,116),(3415,'2025-04-11T08:52:39.708849297',NULL,11,47),(3416,'2025-04-11T08:52:39.979517272',NULL,11,47),(3417,'2025-04-11T08:52:43.253057469',NULL,11,47),(3418,'2025-04-11T08:52:54.673909874',NULL,11,47),(3419,'2025-04-11T08:52:58.398638506',NULL,11,47),(3420,'2025-04-11T08:53:01.051886978',NULL,11,47),(3421,'2025-04-11T08:53:09.219206916',NULL,11,47),(3422,'2025-04-11T08:53:13.250040775',NULL,11,117),(3423,'2025-04-11T08:53:13.311244607',NULL,11,81),(3424,'2025-04-11T08:53:13.434073999',NULL,11,116),(3426,'2025-04-11T08:53:13.434073999',NULL,11,83),(3427,'2025-04-11T08:53:19.189778345',NULL,11,116),(3429,'2025-04-11T08:53:19.197423198',NULL,11,117),(3430,'2025-04-11T08:53:19.198423119',NULL,11,83),(3431,'2025-04-11T08:53:19.206862926',NULL,11,81),(3432,'2025-04-11T08:53:20.597718221',NULL,11,42),(3433,'2025-04-11T08:53:20.753884619',NULL,11,42),(3434,'2025-04-11T08:53:43.844274893',NULL,11,117),(3435,'2025-04-11T08:53:43.844562179',NULL,11,83),(3436,'2025-04-11T08:53:43.848320442',NULL,11,116),(3438,'2025-04-11T08:53:43.860056356',NULL,11,81),(3439,'2025-04-11T08:53:46.207828911',NULL,11,103),(3440,'2025-04-11T08:53:46.212188154',NULL,11,83),(3441,'2025-04-11T08:53:46.214118883',NULL,11,116),(3443,'2025-04-11T08:53:46.218148532',NULL,11,117),(3444,'2025-04-11T08:53:48.627823170',NULL,11,47),(3445,'2025-04-11T08:53:48.796507488',NULL,11,47),(3446,'2025-04-11T08:53:52.039013958',NULL,11,47),(3447,'2025-04-11T08:53:52.208907271',NULL,11,47),(3448,'2025-04-11T08:53:54.970859112',NULL,11,47),(3449,'2025-04-11T08:53:55.138797053',NULL,11,47),(3450,'2025-04-11T08:54:41.036615681',NULL,11,118),(3451,'2025-04-11T08:54:41.209570015',NULL,11,118),(3452,'2025-04-11T08:55:12.132552684',NULL,11,119),(3453,'2025-04-11T08:55:12.321364728',NULL,11,119),(3454,'2025-04-11T08:55:39.917855041',NULL,3,116),(3455,'2025-04-11T08:55:39.917811683',NULL,3,117),(3456,'2025-04-11T08:55:39.925799653',NULL,3,83),(3458,'2025-04-11T08:55:39.974343894',NULL,3,81),(3459,'2025-04-11T08:55:45.396438215',NULL,11,114),(3460,'2025-04-11T08:55:45.576669126',NULL,11,114),(3461,'2025-04-11T08:56:12.095940389',NULL,3,117),(3462,'2025-04-11T08:56:12.206272966',NULL,3,81),(3464,'2025-04-11T08:56:12.213417489',NULL,3,116),(3465,'2025-04-11T08:56:12.215008607',NULL,3,83),(3466,'2025-04-11T08:56:33.964346751',NULL,3,47),(3467,'2025-04-11T08:56:34.128348520',NULL,3,47),(3468,'2025-04-11T08:56:36.284212108',NULL,11,117),(3469,'2025-04-11T08:56:36.289365630',NULL,11,81),(3471,'2025-04-11T08:56:36.291517418',NULL,11,83),(3472,'2025-04-11T08:56:36.292485137',NULL,11,116),(3473,'2025-04-11T08:56:40.459490719',NULL,3,47),(3474,'2025-04-11T08:56:48.908664440',NULL,3,47),(3475,'2025-04-11T08:56:57.321179995',NULL,3,47),(3476,'2025-04-11T08:57:05.772803724',NULL,3,47),(3477,'2025-04-11T08:57:14.079869562',NULL,3,47),(3478,'2025-04-11T08:57:22.473200243',NULL,3,47),(3479,'2025-04-11T08:57:30.889988244',NULL,3,47),(3480,'2025-04-11T08:57:42.675168887',NULL,5,83),(3481,'2025-04-11T08:57:42.675168887',NULL,5,117),(3482,'2025-04-11T08:57:42.675600279',NULL,5,116),(3484,'2025-04-11T08:57:46.927944594',NULL,5,47),(3485,'2025-04-11T08:57:47.101865362',NULL,5,47),(3486,'2025-04-11T08:57:50.266750456',NULL,5,47),(3487,'2025-04-11T08:57:54.706202974',NULL,3,103),(3488,'2025-04-11T08:57:54.707276439',NULL,3,116),(3489,'2025-04-11T08:57:54.706587140',NULL,3,83),(3490,'2025-04-11T08:57:54.707917084',NULL,3,117),(3492,'2025-04-11T08:58:19.482190444',NULL,5,117),(3493,'2025-04-11T08:58:19.485225106',NULL,5,83),(3494,'2025-04-11T08:58:19.485460986',NULL,5,116),(3496,'2025-04-11T08:58:31.229957577',NULL,11,117),(3497,'2025-04-11T08:58:31.229927817',NULL,11,81),(3499,'2025-04-11T08:58:31.251501683',NULL,11,116),(3500,'2025-04-11T08:58:31.259287764',NULL,11,83),(3502,'2025-04-11T08:58:35.857797704',NULL,11,103),(3503,'2025-04-11T08:58:35.861472342',NULL,11,83),(3504,'2025-04-11T08:58:35.865307843',NULL,11,116),(3505,'2025-04-11T08:58:35.869927271',NULL,11,117),(3506,'2025-04-11T08:58:39.891522212',NULL,11,116),(3507,'2025-04-11T08:58:39.891699532',NULL,11,117),(3509,'2025-04-11T08:58:39.891397323',NULL,11,83),(3510,'2025-04-11T08:58:39.893230208',NULL,11,103),(3511,'2025-04-11T08:58:43.300247401',NULL,11,117),(3513,'2025-04-11T08:58:43.307350969',NULL,11,81),(3514,'2025-04-11T08:58:43.317413888',NULL,11,83),(3515,'2025-04-11T08:58:43.326020971',NULL,11,116),(3516,'2025-04-11T08:58:57.834157785',NULL,11,83),(3518,'2025-04-11T08:58:57.834328805',NULL,11,103),(3519,'2025-04-11T08:58:57.835546049',NULL,11,117),(3520,'2025-04-11T08:58:57.838332974',NULL,11,116),(3521,'2025-04-11T08:59:04.386181141',NULL,11,116),(3523,'2025-04-11T08:59:04.392100078',NULL,11,117),(3524,'2025-04-11T08:59:04.392370322',NULL,11,83),(3525,'2025-04-11T08:59:04.464043782',NULL,11,81),(3526,'2025-04-11T08:59:07.133232348',NULL,11,83),(3528,'2025-04-11T08:59:07.133437363',NULL,11,117),(3529,'2025-04-11T08:59:07.135213441',NULL,11,116),(3530,'2025-04-11T08:59:07.137678756',NULL,11,81),(3531,'2025-04-11T08:59:09.161516112',NULL,11,83),(3532,'2025-04-11T08:59:09.162014942',NULL,11,116),(3534,'2025-04-11T08:59:09.162459757',NULL,11,117),(3535,'2025-04-11T08:59:09.161290203',NULL,11,81),(3536,'2025-04-11T08:59:17.303351758',NULL,11,81),(3537,'2025-04-11T08:59:17.303326949',NULL,11,117),(3538,'2025-04-11T08:59:17.303326949',NULL,11,83),(3540,'2025-04-11T08:59:17.316775275',NULL,11,116),(3541,'2025-04-11T08:59:26.391155696',NULL,11,24),(3542,'2025-04-11T08:59:31.037920645',NULL,11,83),(3543,'2025-04-11T08:59:31.038639944',NULL,11,117),(3544,'2025-04-11T08:59:31.039109962',NULL,11,116),(3546,'2025-04-11T08:59:31.115659661',NULL,11,81),(3547,'2025-04-11T08:59:35.673620485',NULL,11,117),(3548,'2025-04-11T08:59:35.673924373',NULL,11,83),(3549,'2025-04-11T08:59:35.675820375',NULL,11,116),(3550,'2025-04-11T08:59:35.706917741',NULL,11,81),(3552,'2025-04-11T08:59:45.857449187',NULL,11,83),(3553,'2025-04-11T08:59:45.857431339',NULL,11,117),(3555,'2025-04-11T08:59:45.859303614',NULL,11,116),(3556,'2025-04-11T08:59:45.863499287',NULL,11,81),(3557,'2025-04-11T08:59:53.134024401',NULL,11,83),(3558,'2025-04-11T08:59:53.133974254',NULL,11,117),(3560,'2025-04-11T08:59:53.142170567',NULL,11,81),(3561,'2025-04-11T08:59:53.142234943',NULL,11,116),(3562,'2025-04-11T08:59:58.252815438',NULL,11,117),(3564,'2025-04-11T08:59:58.252837858',NULL,11,116),(3565,'2025-04-11T08:59:58.263267836',NULL,11,83),(3566,'2025-04-11T08:59:58.264220566',NULL,11,81),(3567,'2025-04-11T09:23:16.922114759',NULL,11,81),(3568,'2025-04-11T09:23:17.027024660',NULL,11,83),(3569,'2025-04-11T09:23:17.027265781',NULL,11,117),(3571,'2025-04-11T09:23:17.059005456',NULL,11,116),(3572,'2025-04-11T09:23:23.313855413',NULL,11,116),(3573,'2025-04-11T09:23:23.343381923',NULL,11,117),(3574,'2025-04-11T09:23:23.343621784',NULL,11,83),(3576,'2025-04-11T09:23:23.383792962',NULL,11,81),(3577,'2025-04-11T09:33:00.315592068',NULL,11,117),(3578,'2025-04-11T09:33:00.383981385',NULL,11,81),(3579,'2025-04-11T09:33:00.433241236',NULL,11,83),(3580,'2025-04-11T09:33:00.457481524',NULL,11,116),(3583,'2025-04-11T09:33:03.645807347',NULL,11,81),(3584,'2025-04-11T09:33:03.646542131',NULL,11,83),(3585,'2025-04-11T09:33:03.649991423',NULL,11,117),(3586,'2025-04-11T09:33:03.662780955',NULL,11,116),(3587,'2025-04-11T09:33:07.839995535',NULL,11,81),(3588,'2025-04-11T09:33:07.840004497',NULL,11,116),(3589,'2025-04-11T09:33:07.847609488',NULL,11,117),(3591,'2025-04-11T09:33:07.852624777',NULL,11,83),(3592,'2025-04-11T09:33:10.257320166',NULL,11,83),(3593,'2025-04-11T09:33:10.257010904',NULL,11,117),(3594,'2025-04-11T09:33:10.257010904',NULL,11,116),(3595,'2025-04-11T09:33:10.257526162',NULL,11,81),(3597,'2025-04-11T09:33:16.355297007',NULL,11,116),(3598,'2025-04-11T09:33:16.355298184',NULL,11,117),(3599,'2025-04-11T09:33:16.364569846',NULL,11,83),(3601,'2025-04-11T09:33:16.368370077',NULL,11,81),(3603,'2025-04-11T09:33:30.845640041',NULL,11,81),(3604,'2025-04-11T09:33:30.846011230',NULL,11,117),(3605,'2025-04-11T09:33:30.847536447',NULL,11,83),(3606,'2025-04-11T09:33:30.849596614',NULL,11,116),(3607,'2025-04-11T09:33:42.524990480',NULL,11,81),(3609,'2025-04-11T09:33:42.525045045',NULL,11,83),(3610,'2025-04-11T09:33:42.525198516',NULL,11,116),(3611,'2025-04-11T09:33:42.527149420',NULL,11,117),(3612,'2025-04-11T09:33:51.010295930',NULL,11,117),(3613,'2025-04-11T09:33:51.010995341',NULL,11,81),(3615,'2025-04-11T09:33:51.015710127',NULL,11,116),(3616,'2025-04-11T09:33:51.020085816',NULL,11,83),(3618,'2025-04-11T09:34:05.882731764',NULL,11,117),(3619,'2025-04-11T09:34:05.884313272',NULL,11,81),(3620,'2025-04-11T09:34:05.889934461',NULL,11,83),(3621,'2025-04-11T09:34:05.889990745',NULL,11,116),(3622,'2025-04-11T09:57:07.083731879',NULL,11,83),(3623,'2025-04-11T09:58:47.038947032',NULL,11,81),(3624,'2025-04-11T09:58:47.106436725',NULL,11,116),(3625,'2025-04-11T09:58:47.120760214',NULL,11,83),(3627,'2025-04-11T09:58:47.132506163',NULL,11,117),(3628,'2025-04-11T09:59:17.646082480',NULL,11,117),(3630,'2025-04-11T09:59:17.655189218',NULL,11,116),(3631,'2025-04-11T09:59:17.665779757',NULL,11,81),(3632,'2025-04-11T09:59:17.666844572',NULL,11,83),(3633,'2025-04-11T09:59:18.587735239',NULL,11,83),(3634,'2025-04-11T09:59:20.156314280',NULL,11,47),(3635,'2025-04-11T09:59:34.796643377',NULL,11,83),(3636,'2025-04-11T10:01:23.412232486',NULL,11,116),(3637,'2025-04-11T10:01:23.421179468',NULL,11,117),(3638,'2025-04-11T10:01:23.435986797',NULL,11,81),(3640,'2025-04-11T10:01:23.557471405',NULL,11,83),(3641,'2025-04-11T10:01:39.372788621',NULL,11,116),(3642,'2025-04-11T10:01:39.386499803',NULL,11,117),(3643,'2025-04-11T10:01:39.426625485',NULL,11,81),(3644,'2025-04-11T10:01:39.538180722',NULL,11,83),(3646,'2025-04-11T10:01:45.957521028',NULL,11,30),(3647,'2025-04-11T10:01:46.377110025',NULL,11,30),(3648,'2025-04-11T10:01:47.717324771',NULL,11,116),(3649,'2025-04-11T10:01:47.717481821',NULL,11,117),(3650,'2025-04-11T10:01:47.717328589',NULL,11,83),(3651,'2025-04-11T10:01:48.415395527',NULL,11,81),(3653,'2025-04-11T10:01:51.577326155',NULL,11,30),(3654,'2025-04-11T10:01:56.218171461',NULL,11,83),(3655,'2025-04-11T10:02:00.798154715',NULL,11,83),(3656,'2025-04-11T10:02:04.518511892',NULL,11,47),(3657,'2025-04-11T10:02:12.340410247',NULL,11,117),(3658,'2025-04-11T10:02:12.404057525',NULL,11,81),(3660,'2025-04-11T10:02:12.488031402',NULL,11,83),(3661,'2025-04-11T10:02:12.495302087',NULL,11,116),(3662,'2025-04-11T10:02:16.037923371',NULL,11,116),(3663,'2025-04-11T10:02:16.038737207',NULL,11,117),(3664,'2025-04-11T10:02:16.039526568',NULL,11,83),(3666,'2025-04-11T10:02:16.119868618',NULL,11,81),(3667,'2025-04-11T10:02:18.126169669',NULL,11,83),(3668,'2025-04-11T10:02:24.751989322',NULL,11,116),(3669,'2025-04-11T10:02:24.756001423',NULL,11,117),(3670,'2025-04-11T10:02:24.756064977',NULL,11,83),(3671,'2025-04-11T10:02:24.758916464',NULL,11,81),(3673,'2025-04-11T10:02:47.995120428',NULL,11,117),(3675,'2025-04-11T10:02:47.995555038',NULL,11,116),(3676,'2025-04-11T10:02:47.995860223',NULL,11,83),(3677,'2025-04-11T10:02:47.996854926',NULL,11,81),(3678,'2025-04-11T10:06:42.898252331',NULL,11,83),(3679,'2025-04-11T10:08:01.147987664',NULL,11,81),(3681,'2025-04-11T10:08:01.347674725',NULL,11,117),(3682,'2025-04-11T10:08:01.347736190',NULL,11,83),(3683,'2025-04-11T10:08:01.348081847',NULL,11,116),(3684,'2025-04-11T10:08:56.519348863',NULL,11,116),(3685,'2025-04-11T10:08:56.519348863',NULL,11,117),(3687,'2025-04-11T10:08:56.530501273',NULL,11,83),(3688,'2025-04-11T10:08:56.603896910',NULL,11,81),(3690,'2025-04-11T10:10:07.038197096',NULL,11,83),(3691,'2025-04-11T10:10:07.040439270',NULL,11,117),(3692,'2025-04-11T10:10:07.043495503',NULL,11,116),(3693,'2025-04-11T10:10:07.107332072',NULL,11,81),(3694,'2025-04-11T10:10:55.382284568',NULL,11,81),(3695,'2025-04-11T10:10:55.382108702',NULL,11,116),(3697,'2025-04-11T10:10:55.383268371',NULL,11,117),(3698,'2025-04-11T10:10:55.386877381',NULL,11,83),(3700,'2025-04-11T10:11:30.192545395',NULL,11,47),(3701,'2025-04-11T10:11:39.481959214',NULL,11,83),(3702,'2025-04-11T10:11:46.473646825',NULL,11,83),(3703,'2025-04-11T10:11:47.360118026',NULL,11,83),(3704,'2025-04-11T10:11:52.787236916',NULL,11,83),(3705,'2025-04-11T10:13:19.275108345',NULL,11,118),(3706,'2025-04-11T10:13:19.463323927',NULL,11,118),(3707,'2025-04-11T10:14:13.927582447',NULL,11,119),(3708,'2025-04-11T10:14:14.081076187',NULL,11,119),(3709,'2025-04-11T10:14:55.241463647',NULL,11,116),(3710,'2025-04-11T10:15:18.781813735',NULL,11,114),(3711,'2025-04-11T10:15:18.951568574',NULL,11,114),(3712,'2025-04-11T10:16:43.071251404',NULL,11,123),(3713,'2025-04-11T10:27:10.283576595',NULL,10,116),(3714,'2025-04-11T10:27:10.287321410',NULL,10,83),(3715,'2025-04-11T10:27:11.136590674',NULL,10,81),(3716,'2025-04-11T10:27:11.475231053',NULL,10,117);
/*!40000 ALTER TABLE `listen_record` ENABLE KEYS */;
UNLOCK TABLES;

--
-- Table structure for table `member`
--

DROP TABLE IF EXISTS `member`;
/*!40101 SET @saved_cs_client     = @@character_set_client */;
/*!50503 SET character_set_client = utf8mb4 */;
CREATE TABLE `member` (
  `member_id` int NOT NULL AUTO_INCREMENT,
  `created_at` varchar(255) COLLATE utf8mb4_unicode_ci DEFAULT NULL,
  `updated_at` varchar(255) COLLATE utf8mb4_unicode_ci DEFAULT NULL,
  `birth` varchar(20) COLLATE utf8mb4_unicode_ci NOT NULL,
  `email` varchar(100) COLLATE utf8mb4_unicode_ci NOT NULL,
  `enabled` bit(1) NOT NULL,
  `gender` char(1) COLLATE utf8mb4_unicode_ci NOT NULL,
  `login_id` varchar(20) COLLATE utf8mb4_unicode_ci NOT NULL,
  `nickname` varchar(20) COLLATE utf8mb4_unicode_ci NOT NULL,
  `password` varchar(64) COLLATE utf8mb4_unicode_ci NOT NULL,
  `profile_image` varchar(255) COLLATE utf8mb4_unicode_ci DEFAULT NULL,
  `profile_text` tinytext COLLATE utf8mb4_unicode_ci,
  PRIMARY KEY (`member_id`)
) ENGINE=InnoDB AUTO_INCREMENT=12 DEFAULT CHARSET=utf8mb4 COLLATE=utf8mb4_unicode_ci;
/*!40101 SET character_set_client = @saved_cs_client */;

--
-- Dumping data for table `member`
--

LOCK TABLES `member` WRITE;
/*!40000 ALTER TABLE `member` DISABLE KEYS */;
INSERT INTO `member` VALUES (1,'2025-04-09T14:55:37.467661113','2025-04-09T17:49:40.471189020','2025-04-09','whistlehub@whistlehub.com',_binary '','M','whistlehub','WhistleHubOfficial','$2a$10$VVDzAN9um0XVO2H91V7eA..qmwQHhjSgwVp5JrlJzReq0XHDToQ5K','https://whistlehub.s3.ap-northeast-2.amazonaws.com/image/e30f4f38-18c9-4c0a-8c51-5f8ae30b78d61744188580368.png',NULL),(2,'2025-04-09T14:55:56.661567872',NULL,'2025-04-09','hhj@whistlehub.com',_binary '','M','hhj','hhj','$2a$10$vNNt9FiZAHrzlVX0uUDbxuUwzlHAT3ZIvLKK2o.ir/BEaYdoYzEiy',NULL,NULL),(3,'2025-04-09T14:56:12.796067240','2025-04-11T08:57:38.227954328','2025-04-09','pbj@whistlehub.com',_binary '','M','pbj','pbj','$2a$10$T4Mc7qgTDxTSRIeisnjvm.SdYecDWHuZ6UgzvQdpsEq00cZ1Qvdtm','https://whistlehub.s3.ap-northeast-2.amazonaws.com/image/57c584fb-c344-408a-a6a2-8628c154115f1744329458028.png',''),(4,'2025-04-09T14:56:24.569524053',NULL,'2025-04-09','ogs@whistlehub.com',_binary '','M','ogs','ogs','$2a$10$a6R26oLahsu4AD8sI8RFq.b.1oO4FyG1TOB2q7hM0mj4apbEwikDm',NULL,NULL),(5,'2025-04-09T14:56:41.900440666','2025-04-09T17:50:48.795609421','2025-04-09','ksh@whistlehub.com',_binary '','F','ksh','bubbley','$2a$10$fBj6uCFX1M8PpExZV7BbPuge5PESwwu/.NCCJ8Hwrj9W7M167cTx6','https://whistlehub.s3.ap-northeast-2.amazonaws.com/image/6e299e66-dfae-43c8-8839-7f0712b45f0f1744188645494.jpg',''),(6,'2025-04-09T14:57:07.204100506','2025-04-10T15:48:11.068010916','2025-04-09','phm@whistlehub.com',_binary '','M','phm','아이유','$2a$10$LovNfB4yMHzYEgP2qn.vj.TmXtRkjLk6xMJ3RxiJ4OrHHz6hySNaq','https://whistlehub.s3.ap-northeast-2.amazonaws.com/image/51b07a9b-f71f-413c-ba1d-dfddbaf65dc91744267664829.jpg',''),(7,'2025-04-09T14:57:23.459003616','2025-04-10T15:41:49.599103890','2025-04-09','lji@whistlehub.com',_binary '','M','lji','Ju','$2a$10$WDtgMTOcQBMgLTr4LlzQ0.Qd2PT5wuY7Ny6.a2NZpYC7eB3TJHYXC','https://whistlehub.s3.ap-northeast-2.amazonaws.com/image/60067706-8736-41cf-9727-771dc51a136a1744182178220.png','Happy man'),(8,'2025-04-09T14:57:56.723104968',NULL,'2025-04-09','ssafy@ssafy.com',_binary '','M','ssafy','ssafy','$2a$10$qy/K6RsNs/W4ur2OFqy7JOsDY9EP59UV6EXvEgBF4FRnSHe6O8ITC',NULL,NULL),(9,'2025-04-09T22:07:15.101102118',NULL,'1997-07-20','ebbdammen@instaddr.uk',_binary '','F','ilovemusic','음악이좋아','$2a$10$HlXoEJPt7vAsBa.ztDUBQe/nRgiy7DNqv1jN1591IEj1YInpAY7qW',NULL,NULL),(10,'2025-04-10T13:36:42.205217131','2025-04-11T06:53:08.586387155','2023-01-01','cavalier7@naver.com',_binary '','M','kosh','kkk','$2a$10$WAGqLrnAvviympinTLK2B.mNIs8AMO4SznYjG8Hu6ocIR6gvULSOy',NULL,NULL),(11,'2025-04-10T15:42:58.026624894','2025-04-10T16:07:21.742756222','1234','123@gmail.com',_binary '','M','ssafy1234','Junique','$2a$10$VGEVa/l3U6x898nUPIWNSuRHzo/ToAM8TdkPrZIZ4Hk0rCDTWk1dO','https://whistlehub.s3.ap-northeast-2.amazonaws.com/image/1b17998f-329c-4837-b38c-e825525c98541744268396460.jpg','Gwangju, South Korea');
/*!40000 ALTER TABLE `member` ENABLE KEYS */;
UNLOCK TABLES;

--
-- Table structure for table `playlist`
--

DROP TABLE IF EXISTS `playlist`;
/*!40101 SET @saved_cs_client     = @@character_set_client */;
/*!50503 SET character_set_client = utf8mb4 */;
CREATE TABLE `playlist` (
  `playlist_id` int NOT NULL AUTO_INCREMENT,
  `created_at` varchar(255) COLLATE utf8mb4_unicode_ci DEFAULT NULL,
  `updated_at` varchar(255) COLLATE utf8mb4_unicode_ci DEFAULT NULL,
  `description` tinytext COLLATE utf8mb4_unicode_ci,
  `image_url` varchar(255) COLLATE utf8mb4_unicode_ci DEFAULT NULL,
  `name` varchar(255) COLLATE utf8mb4_unicode_ci NOT NULL,
  `member_id` int NOT NULL,
  PRIMARY KEY (`playlist_id`),
  KEY `FK6hbs7umbi3am8pojtkwx7dik4` (`member_id`),
  CONSTRAINT `FK6hbs7umbi3am8pojtkwx7dik4` FOREIGN KEY (`member_id`) REFERENCES `member` (`member_id`)
) ENGINE=InnoDB AUTO_INCREMENT=8 DEFAULT CHARSET=utf8mb4 COLLATE=utf8mb4_unicode_ci;
/*!40101 SET character_set_client = @saved_cs_client */;

--
-- Dumping data for table `playlist`
--

LOCK TABLES `playlist` WRITE;
/*!40000 ALTER TABLE `playlist` DISABLE KEYS */;
INSERT INTO `playlist` VALUES (1,'2025-04-09T15:31:55.063991348','2025-04-10T14:56:04.247560361','Drum Source',NULL,'Drum',7),(2,'2025-04-09T15:58:32.616773715',NULL,'test',NULL,'test',1),(3,'2025-04-09T22:13:32.427773672',NULL,NULL,NULL,'내가 좋아해',9),(4,'2025-04-09T23:44:25.348020449',NULL,NULL,'https://whistlehub.s3.ap-northeast-2.amazonaws.com/image/5fc8abfd-8b12-4acd-87ef-64cbd6a482601744209865232.jpg','이거 괜찮다',9),(5,'2025-04-10T16:09:19.365401223','2025-04-10T21:03:48.976874753','Drum Source','https://whistlehub.s3.ap-northeast-2.amazonaws.com/image/c2731d2d-6986-4afa-85c3-dbf152b810ed1744286577738.jpg','Drum',11),(6,'2025-04-10T21:03:25.250401719',NULL,'Piano Source','https://whistlehub.s3.ap-northeast-2.amazonaws.com/image/fd42a249-a264-4127-83bc-c397396989251744286605115.png','Piano',11),(7,'2025-04-11T06:59:15.088988445',NULL,'2',NULL,'1',10);
/*!40000 ALTER TABLE `playlist` ENABLE KEYS */;
UNLOCK TABLES;

--
-- Table structure for table `playlist_track`
--

DROP TABLE IF EXISTS `playlist_track`;
/*!40101 SET @saved_cs_client     = @@character_set_client */;
/*!50503 SET character_set_client = utf8mb4 */;
CREATE TABLE `playlist_track` (
  `playlist_track_id` int NOT NULL AUTO_INCREMENT,
  `created_at` varchar(255) COLLATE utf8mb4_unicode_ci DEFAULT NULL,
  `updated_at` varchar(255) COLLATE utf8mb4_unicode_ci DEFAULT NULL,
  `play_order` int DEFAULT NULL,
  `playlist_id` int NOT NULL,
  `track_id` int NOT NULL,
  PRIMARY KEY (`playlist_track_id`),
  KEY `FK2n53hmeho3pcyrrrl12ck69r4` (`playlist_id`),
  KEY `FKf9qyasbwmrlc4tb1vfll54bot` (`track_id`),
  CONSTRAINT `FK2n53hmeho3pcyrrrl12ck69r4` FOREIGN KEY (`playlist_id`) REFERENCES `playlist` (`playlist_id`),
  CONSTRAINT `FKf9qyasbwmrlc4tb1vfll54bot` FOREIGN KEY (`track_id`) REFERENCES `track` (`track_id`)
) ENGINE=InnoDB AUTO_INCREMENT=46 DEFAULT CHARSET=utf8mb4 COLLATE=utf8mb4_unicode_ci;
/*!40101 SET character_set_client = @saved_cs_client */;

--
-- Dumping data for table `playlist_track`
--

LOCK TABLES `playlist_track` WRITE;
/*!40000 ALTER TABLE `playlist_track` DISABLE KEYS */;
INSERT INTO `playlist_track` VALUES (2,'2025-04-09T15:58:32.618612819',NULL,1,2,82),(3,'2025-04-09T22:14:10.664830469',NULL,1,3,3),(4,'2025-04-09T22:14:31.951253868',NULL,2,3,67),(5,'2025-04-09T22:15:14.892384647',NULL,3,3,82),(6,'2025-04-09T23:44:25.350234259',NULL,1,4,2),(7,'2025-04-09T23:44:33.919253556',NULL,2,4,28),(8,'2025-04-09T23:44:38.255058619',NULL,3,4,5),(9,'2025-04-09T23:44:46.034304895',NULL,4,4,12),(10,'2025-04-09T23:44:52.667552634',NULL,5,4,11),(11,'2025-04-09T23:44:57.534118152',NULL,6,4,45),(12,'2025-04-09T23:45:04.814896227',NULL,7,4,9),(13,'2025-04-09T23:45:08.359211331',NULL,8,4,8),(14,'2025-04-09T23:45:12.416547891',NULL,9,4,72),(15,'2025-04-09T23:45:15.885798199',NULL,10,4,13),(21,'2025-04-10T14:56:39.357327547',NULL,1,1,68),(22,'2025-04-10T14:56:39.358913512',NULL,2,1,47),(29,'2025-04-10T21:03:49.018858519',NULL,1,5,73),(30,'2025-04-10T21:03:49.021106633',NULL,2,5,59),(31,'2025-04-10T21:03:49.023783282',NULL,3,5,37),(36,'2025-04-10T21:05:00.576567002',NULL,4,5,66),(37,'2025-04-10T21:05:05.852295482',NULL,5,5,17),(43,'2025-04-11T10:12:18.719699900',NULL,1,6,49),(44,'2025-04-11T10:12:18.722730002',NULL,2,6,9),(45,'2025-04-11T10:12:18.724167449',NULL,3,6,83);
/*!40000 ALTER TABLE `playlist_track` ENABLE KEYS */;
UNLOCK TABLES;

--
-- Table structure for table `report`
--

DROP TABLE IF EXISTS `report`;
/*!40101 SET @saved_cs_client     = @@character_set_client */;
/*!50503 SET character_set_client = utf8mb4 */;
CREATE TABLE `report` (
  `report_id` int NOT NULL AUTO_INCREMENT,
  `created_at` varchar(255) COLLATE utf8mb4_unicode_ci DEFAULT NULL,
  `updated_at` varchar(255) COLLATE utf8mb4_unicode_ci DEFAULT NULL,
  `detail` varchar(300) COLLATE utf8mb4_unicode_ci DEFAULT NULL,
  `reason` int NOT NULL,
  `member_id` int NOT NULL,
  `track_id` int NOT NULL,
  PRIMARY KEY (`report_id`),
  KEY `FKel7y5wyx42a6njav1dbe2torl` (`member_id`),
  KEY `FKkwotwtqmdtqc7cgbvs7cd2wop` (`track_id`),
  CONSTRAINT `FKel7y5wyx42a6njav1dbe2torl` FOREIGN KEY (`member_id`) REFERENCES `member` (`member_id`),
  CONSTRAINT `FKkwotwtqmdtqc7cgbvs7cd2wop` FOREIGN KEY (`track_id`) REFERENCES `track` (`track_id`)
) ENGINE=InnoDB DEFAULT CHARSET=utf8mb4 COLLATE=utf8mb4_unicode_ci;
/*!40101 SET character_set_client = @saved_cs_client */;

--
-- Dumping data for table `report`
--

LOCK TABLES `report` WRITE;
/*!40000 ALTER TABLE `report` DISABLE KEYS */;
/*!40000 ALTER TABLE `report` ENABLE KEYS */;
UNLOCK TABLES;

--
-- Table structure for table `reported_layer`
--

DROP TABLE IF EXISTS `reported_layer`;
/*!40101 SET @saved_cs_client     = @@character_set_client */;
/*!50503 SET character_set_client = utf8mb4 */;
CREATE TABLE `reported_layer` (
  `reported_layer_id` int NOT NULL AUTO_INCREMENT,
  `created_at` varchar(255) COLLATE utf8mb4_unicode_ci DEFAULT NULL,
  `updated_at` varchar(255) COLLATE utf8mb4_unicode_ci DEFAULT NULL,
  `layer_id` int NOT NULL,
  `report_id` int NOT NULL,
  PRIMARY KEY (`reported_layer_id`),
  KEY `FKdf56n66uvqvts7av99ktjb8sj` (`layer_id`),
  KEY `FKpjvaqo4nitcdhainflxf5xjyr` (`report_id`),
  CONSTRAINT `FKdf56n66uvqvts7av99ktjb8sj` FOREIGN KEY (`layer_id`) REFERENCES `layer` (`layer_id`),
  CONSTRAINT `FKpjvaqo4nitcdhainflxf5xjyr` FOREIGN KEY (`report_id`) REFERENCES `report` (`report_id`)
) ENGINE=InnoDB DEFAULT CHARSET=utf8mb4 COLLATE=utf8mb4_unicode_ci;
/*!40101 SET character_set_client = @saved_cs_client */;

--
-- Dumping data for table `reported_layer`
--

LOCK TABLES `reported_layer` WRITE;
/*!40000 ALTER TABLE `reported_layer` DISABLE KEYS */;
/*!40000 ALTER TABLE `reported_layer` ENABLE KEYS */;
UNLOCK TABLES;

--
-- Table structure for table `sampling`
--

DROP TABLE IF EXISTS `sampling`;
/*!40101 SET @saved_cs_client     = @@character_set_client */;
/*!50503 SET character_set_client = utf8mb4 */;
CREATE TABLE `sampling` (
  `sampling_id` int NOT NULL AUTO_INCREMENT,
  `created_at` varchar(255) COLLATE utf8mb4_unicode_ci DEFAULT NULL,
  `updated_at` varchar(255) COLLATE utf8mb4_unicode_ci DEFAULT NULL,
  `origin_track_id` int NOT NULL,
  `track_id` int NOT NULL,
  PRIMARY KEY (`sampling_id`),
  KEY `FKems3ox2yqs6tao5bm2aya1pv6` (`origin_track_id`),
  KEY `FK18gxk7xnalaq3fb6lsxy2q54v` (`track_id`),
  CONSTRAINT `FK18gxk7xnalaq3fb6lsxy2q54v` FOREIGN KEY (`track_id`) REFERENCES `track` (`track_id`),
  CONSTRAINT `FKems3ox2yqs6tao5bm2aya1pv6` FOREIGN KEY (`origin_track_id`) REFERENCES `track` (`track_id`)
) ENGINE=InnoDB AUTO_INCREMENT=39 DEFAULT CHARSET=utf8mb4 COLLATE=utf8mb4_unicode_ci;
/*!40101 SET character_set_client = @saved_cs_client */;

--
-- Dumping data for table `sampling`
--

LOCK TABLES `sampling` WRITE;
/*!40000 ALTER TABLE `sampling` DISABLE KEYS */;
INSERT INTO `sampling` VALUES (1,'2025-04-09T16:06:39.247110574',NULL,83,84),(2,'2025-04-09T16:06:39.249073236',NULL,66,84),(3,'2025-04-09T16:06:39.249714445',NULL,41,84),(4,'2025-04-09T16:06:39.250385911',NULL,40,84),(5,'2025-04-09T17:41:25.764737029',NULL,15,85),(6,'2025-04-09T17:41:25.768726271',NULL,67,85),(7,'2025-04-09T17:41:25.769279315',NULL,41,85),(8,'2025-04-09T17:41:25.770455774',NULL,40,85),(12,'2025-04-09T19:53:14.534611112',NULL,83,94),(13,'2025-04-09T19:53:14.537319621',NULL,82,94),(14,'2025-04-09T20:03:18.426158735',NULL,75,95),(15,'2025-04-09T20:03:18.427906648',NULL,74,95),(16,'2025-04-09T20:25:46.052345756',NULL,83,96),(18,'2025-04-09T20:32:34.678377750',NULL,75,98),(19,'2025-04-09T20:32:34.680035123',NULL,1,98),(20,'2025-04-10T10:19:20.622427576',NULL,23,99),(21,'2025-04-10T10:19:20.624244058',NULL,82,99),(22,'2025-04-10T10:19:20.624923270',NULL,77,99),(23,'2025-04-10T10:19:20.625504835',NULL,79,99),(29,'2025-04-10T17:36:12.406689900',NULL,77,103),(30,'2025-04-10T17:36:12.408961948',NULL,82,103),(31,'2025-04-10T17:36:12.409442493',NULL,23,103),(32,'2025-04-10T17:36:12.409980834',NULL,79,103),(33,'2025-04-10T21:01:42.599173571',NULL,119,120),(34,'2025-04-10T21:10:53.778954688',NULL,122,122),(35,'2025-04-10T21:10:53.781884970',NULL,121,122),(36,'2025-04-11T10:16:32.347100157',NULL,123,123),(37,'2025-04-11T10:16:32.349854277',NULL,121,123),(38,'2025-04-11T10:16:32.350530667',NULL,119,123);
/*!40000 ALTER TABLE `sampling` ENABLE KEYS */;
UNLOCK TABLES;

--
-- Table structure for table `tag`
--

DROP TABLE IF EXISTS `tag`;
/*!40101 SET @saved_cs_client     = @@character_set_client */;
/*!50503 SET character_set_client = utf8mb4 */;
CREATE TABLE `tag` (
  `tag_id` int NOT NULL AUTO_INCREMENT,
  `created_at` varchar(255) COLLATE utf8mb4_unicode_ci DEFAULT NULL,
  `name` varchar(255) COLLATE utf8mb4_unicode_ci DEFAULT NULL,
  `updated_at` varchar(255) COLLATE utf8mb4_unicode_ci DEFAULT NULL,
  PRIMARY KEY (`tag_id`)
) ENGINE=InnoDB AUTO_INCREMENT=47 DEFAULT CHARSET=utf8mb4 COLLATE=utf8mb4_unicode_ci;
/*!40101 SET character_set_client = @saved_cs_client */;

--
-- Dumping data for table `tag`
--

LOCK TABLES `tag` WRITE;
/*!40000 ALTER TABLE `tag` DISABLE KEYS */;
INSERT INTO `tag` VALUES (1,NULL,'Classical',NULL),(2,NULL,'Jazz',NULL),(3,NULL,'CCM',NULL),(4,NULL,'Pop',NULL),(5,NULL,'Ballad',NULL),(6,NULL,'R&B',NULL),(7,NULL,'Hip Hop',NULL),(8,NULL,'Country',NULL),(9,NULL,'Folk',NULL),(10,NULL,'Reggae',NULL),(11,NULL,'Disco',NULL),(12,NULL,'Rock',NULL),(13,NULL,'EDM',NULL),(14,NULL,'Trot',NULL),(15,NULL,'Musical',NULL),(16,NULL,'Whistle',NULL),(17,NULL,'Acoustic Guitar',NULL),(18,NULL,'Voice',NULL),(19,NULL,'Drums',NULL),(20,NULL,'Bass',NULL),(21,NULL,'Electric Guitar',NULL),(22,NULL,'Piano',NULL),(23,NULL,'Anger',NULL),(24,NULL,'Sadness',NULL),(25,NULL,'Depression',NULL),(26,NULL,'Joy',NULL),(27,NULL,'Happiness',NULL),(28,NULL,'Confusion',NULL),(29,NULL,'Comfort',NULL),(30,NULL,'Excitement',NULL),(31,NULL,'Nostalgia',NULL),(32,NULL,'Anxiety',NULL),(33,NULL,'Loneliness',NULL),(34,NULL,'Calmness',NULL),(35,NULL,'Study',NULL),(36,NULL,'Chill',NULL),(37,NULL,'Reading',NULL),(38,NULL,'Drive',NULL),(39,NULL,'Meditation',NULL),(40,NULL,'Workout',NULL),(41,NULL,'Shower',NULL),(42,NULL,'Healing',NULL),(43,NULL,'Coffee',NULL),(44,NULL,'Travel',NULL),(45,NULL,'Work',NULL),(46,NULL,'Synth',NULL);
/*!40000 ALTER TABLE `tag` ENABLE KEYS */;
UNLOCK TABLES;

--
-- Table structure for table `track`
--

DROP TABLE IF EXISTS `track`;
/*!40101 SET @saved_cs_client     = @@character_set_client */;
/*!50503 SET character_set_client = utf8mb4 */;
CREATE TABLE `track` (
  `track_id` int NOT NULL AUTO_INCREMENT,
  `created_at` varchar(255) COLLATE utf8mb4_unicode_ci DEFAULT NULL,
  `updated_at` varchar(255) COLLATE utf8mb4_unicode_ci DEFAULT NULL,
  `blocked` bit(1) NOT NULL,
  `bpm` int DEFAULT NULL,
  `description` tinytext COLLATE utf8mb4_unicode_ci NOT NULL,
  `duration` int NOT NULL,
  `enabled` bit(1) NOT NULL,
  `image_url` varchar(255) COLLATE utf8mb4_unicode_ci DEFAULT NULL,
  `import_count` int NOT NULL,
  `key` varchar(255) COLLATE utf8mb4_unicode_ci DEFAULT NULL,
  `like_count` int NOT NULL,
  `sound_url` varchar(255) COLLATE utf8mb4_unicode_ci NOT NULL,
  `title` varchar(255) COLLATE utf8mb4_unicode_ci NOT NULL,
  `view_count` int NOT NULL,
  `visibility` bit(1) NOT NULL,
  `member_id` int NOT NULL,
  PRIMARY KEY (`track_id`),
  KEY `FKi4qdrog6l3fsai5t3ehat2avc` (`member_id`),
  CONSTRAINT `FKi4qdrog6l3fsai5t3ehat2avc` FOREIGN KEY (`member_id`) REFERENCES `member` (`member_id`)
) ENGINE=InnoDB AUTO_INCREMENT=124 DEFAULT CHARSET=utf8mb4 COLLATE=utf8mb4_unicode_ci;
/*!40101 SET character_set_client = @saved_cs_client */;

--
-- Dumping data for table `track`
--

LOCK TABLES `track` WRITE;
/*!40000 ALTER TABLE `track` DISABLE KEYS */;
INSERT INTO `track` VALUES (1,'2025-04-09T14:57:03.361656505','2025-04-09T17:48:45.293578328',_binary '\0',120,'91V HT pad tell me',16,_binary '','https://whistlehub.s3.ap-northeast-2.amazonaws.com/image/dda283f7-f3a3-4bdb-bc84-9d2725521af11744178222423.png',0,'E',0,'https://whistlehub.s3.ap-northeast-2.amazonaws.com/music/545a724c-4787-42e6-9618-f076a7ab937f1744178223168.wav','91V HT pad tell me',1,_binary '',1),(2,'2025-04-09T14:57:06.225500645','2025-04-09T23:43:43.796278924',_binary '\0',120,'91V HT arp like that',16,_binary '','https://whistlehub.s3.ap-northeast-2.amazonaws.com/image/f7d6977c-c967-4db1-aadd-b35f548012cd1744178225819.png',0,'G',0,'https://whistlehub.s3.ap-northeast-2.amazonaws.com/music/56b7f422-e2e9-47e7-b249-f3fc1e257e561744178226059.wav','91V HT arp like that',3,_binary '',1),(3,'2025-04-09T14:57:08.681369731','2025-04-10T17:44:34.295911217',_binary '\0',120,'91V HT chords like that',16,_binary '','https://whistlehub.s3.ap-northeast-2.amazonaws.com/image/f09a10c8-8466-4e12-bba2-80e1f42a76191744178228322.png',0,'G',1,'https://whistlehub.s3.ap-northeast-2.amazonaws.com/music/16ed2c5f-32ee-427b-9cf6-9bc1860149981744178228514.wav','91V HT chords like that',39,_binary '',1),(4,'2025-04-09T14:57:11.142673700','2025-04-09T17:48:40.303844645',_binary '\0',120,'91V LP keys runaway nostalgic chords',16,_binary '','https://whistlehub.s3.ap-northeast-2.amazonaws.com/image/fc1cbb38-3e45-4eab-bc29-1f6630c8b6671744178230893.png',0,'D',0,'https://whistlehub.s3.ap-northeast-2.amazonaws.com/music/1a53cbf9-67a0-4f8b-a2c4-932c6be8457b1744178231007.wav','91V LP keys runaway nostalgic chords',1,_binary '',1),(5,'2025-04-09T14:57:12.998992741','2025-04-09T23:44:36.611915884',_binary '\0',120,'91V NUXE2 hook resampled morning comes stack',16,_binary '','https://whistlehub.s3.ap-northeast-2.amazonaws.com/image/2072b824-5b2b-4d8a-b4e6-546733546a911744178232738.png',0,'F',0,'https://whistlehub.s3.ap-northeast-2.amazonaws.com/music/4a06baba-e1bc-4b25-a632-6d577c6c88301744178232847.wav','91V NUXE2 hook resampled morning comes stack',5,_binary '',1),(6,'2025-04-09T14:57:15.172945482','2025-04-09T17:48:29.993115333',_binary '\0',120,'AHA CC electric rnb guitar stack loop willow tree',16,_binary '','https://whistlehub.s3.ap-northeast-2.amazonaws.com/image/c9c93b75-a60e-4a1f-a3bb-859b5ddd5ce61744178234890.png',0,'B',0,'https://whistlehub.s3.ap-northeast-2.amazonaws.com/music/1dcc7369-0d1a-4be3-bf2d-3a5127a0fcb81744178235048.wav','AHA CC electric rnb guitar stack loop willow tree',1,_binary '',1),(7,'2025-04-09T14:57:17.194179776','2025-04-10T19:38:13.024238716',_binary '\0',120,'AHA IJ2 resampled melodic loop close',8,_binary '','https://whistlehub.s3.ap-northeast-2.amazonaws.com/image/2a50f948-4976-4a55-9e7d-a2ae466549171744178236934.png',0,'C',0,'https://whistlehub.s3.ap-northeast-2.amazonaws.com/music/d9d52030-d1be-4f5b-9e75-5a89092887891744178237057.wav','AHA IJ2 resampled melodic loop close',2,_binary '',1),(8,'2025-04-09T14:57:19.087313398','2025-04-09T23:45:07.078742991',_binary '\0',120,'AHA IJ2 vocal lead loop all the time',16,_binary '','https://whistlehub.s3.ap-northeast-2.amazonaws.com/image/8a0ebab9-9118-4405-a881-01131d41d1741744178238879.png',0,'G',0,'https://whistlehub.s3.ap-northeast-2.amazonaws.com/music/db40c8e4-99ca-499d-b94a-f86447032ca01744178238991.wav','AHA IJ2 vocal lead loop all the time',12,_binary '',1),(9,'2025-04-09T14:57:21.351944741','2025-04-10T21:04:23.067411666',_binary '\0',120,'AHA IJ2 loop half moon',16,_binary '','https://whistlehub.s3.ap-northeast-2.amazonaws.com/image/7776eb4a-f7fd-463f-adcf-af9e8ebcb5191744178241098.png',0,'F',0,'https://whistlehub.s3.ap-northeast-2.amazonaws.com/music/ec8e1cf8-8585-4013-870e-81be8fd1bd241744178241206.wav','AHA IJ2 loop half moon',8,_binary '',1),(10,'2025-04-09T14:57:23.456688138','2025-04-10T21:04:40.973815638',_binary '\0',120,'AHA IJ2 melodic stack loop half moon alt',16,_binary '','https://whistlehub.s3.ap-northeast-2.amazonaws.com/image/eac404c1-564c-4dae-9e20-cb394e9107311744178243160.png',0,'F',0,'https://whistlehub.s3.ap-northeast-2.amazonaws.com/music/80bc703f-65d1-4077-b330-abe819c169881744178243284.wav','AHA IJ2 melodic stack loop half moon alt',6,_binary '',1),(11,'2025-04-09T14:57:26.136276494','2025-04-09T23:44:51.121216435',_binary '\0',120,'AHA IJ2 melodic stack loop half moon alt stripped',16,_binary '','https://whistlehub.s3.ap-northeast-2.amazonaws.com/image/4b1eb7ff-d7b2-4ff9-a041-77b89f3d014f1744178245882.png',0,'F',0,'https://whistlehub.s3.ap-northeast-2.amazonaws.com/music/c32a2119-52d1-4f66-abda-aedcfea58b931744178245991.wav','AHA IJ2 melodic stack loop half moon alt stripped',3,_binary '',1),(12,'2025-04-09T14:57:28.304974617','2025-04-09T23:44:43.634505361',_binary '\0',120,'AHA IJ2 vocal lead loop under the moon',16,_binary '','https://whistlehub.s3.ap-northeast-2.amazonaws.com/image/35e8e9b7-ac30-47e5-ba25-bafb0b05041b1744178248064.png',0,'F',0,'https://whistlehub.s3.ap-northeast-2.amazonaws.com/music/d1bcde6c-50f5-4994-b400-ba25c04e7ef61744178248187.wav','AHA IJ2 vocal lead loop under the moon',5,_binary '',1),(13,'2025-04-09T14:57:30.511809395','2025-04-10T20:24:43.834393343',_binary '\0',120,'AHA IJ2 downsampled melodic loop hear me now',16,_binary '','https://whistlehub.s3.ap-northeast-2.amazonaws.com/image/b0f8c56d-149b-430f-a793-bc3d2d47acd61744178250234.png',0,'C',1,'https://whistlehub.s3.ap-northeast-2.amazonaws.com/music/67c843c6-f905-488e-96b1-48c337b81bb81744178250387.wav','AHA IJ2 downsampled melodic loop hear me now',21,_binary '',1),(14,'2025-04-09T14:57:32.901861354','2025-04-09T17:48:14.910860231',_binary '\0',120,'AT Vapor Chord Loop Home',16,_binary '','https://whistlehub.s3.ap-northeast-2.amazonaws.com/image/fa9037c6-487d-4fff-ac92-78aabacc83c01744178252692.png',0,'C#',0,'https://whistlehub.s3.ap-northeast-2.amazonaws.com/music/b3b186c4-d1e3-4501-8cb8-37489d16fc731744178252790.wav','AT Vapor Chord Loop Home',1,_binary '',1),(15,'2025-04-09T14:57:34.768541763','2025-04-09T22:16:25.231105024',_binary '\0',120,'AU ARG2 loop freak me',8,_binary '','https://whistlehub.s3.ap-northeast-2.amazonaws.com/image/d6e5a92f-689c-494e-9254-e2542a38d7e81744178254457.png',0,'Amin',0,'https://whistlehub.s3.ap-northeast-2.amazonaws.com/music/2f39054e-55f8-4874-a533-b0b584c39b301744178254629.wav','AU ARG2 loop freak me',8,_binary '',1),(16,'2025-04-09T14:57:36.671351788','2025-04-10T17:26:01.954491019',_binary '\0',120,'AU LTH heavy vamano etching dry',8,_binary '','https://whistlehub.s3.ap-northeast-2.amazonaws.com/image/4df551dc-7935-4c89-8208-a1c5b412eabc1744178256453.png',0,'Dmin',0,'https://whistlehub.s3.ap-northeast-2.amazonaws.com/music/43eabb10-3b83-4068-8fc2-885a88286b2a1744178256571.wav','AU LTH heavy vamano etching dry',5,_binary '',1),(17,'2025-04-09T14:57:38.823332406','2025-04-10T21:05:03.278485682',_binary '\0',120,'BOS ETH Full Loop Bounce',16,_binary '','https://whistlehub.s3.ap-northeast-2.amazonaws.com/image/54e0734b-eb22-4819-aa2f-7f51726a2d7a1744178258581.png',0,NULL,0,'https://whistlehub.s3.ap-northeast-2.amazonaws.com/music/eda04559-4b95-449a-809d-557c77f4db621744178258701.wav','BOS ETH Full Loop Bounce',4,_binary '',1),(18,'2025-04-09T14:57:41.294914034','2025-04-10T17:22:08.653376912',_binary '\0',120,'CO PC taped chorus',16,_binary '','https://whistlehub.s3.ap-northeast-2.amazonaws.com/image/1e2edbb0-bb49-458f-96cd-acc4bfd6dd4c1744178261017.png',0,'E',0,'https://whistlehub.s3.ap-northeast-2.amazonaws.com/music/899968c0-e7c2-43e7-9049-3d16d83b62461744178261231.wav','CO PC taped chorus',4,_binary '',1),(19,'2025-04-09T14:57:43.574528711','2025-04-10T15:57:08.461723488',_binary '\0',120,'CO PC downstroke',16,_binary '','https://whistlehub.s3.ap-northeast-2.amazonaws.com/image/6db32bdb-5cab-4bcd-90d7-9228aacb10831744178263365.png',0,'G',0,'https://whistlehub.s3.ap-northeast-2.amazonaws.com/music/86000989-274a-4935-b7c9-a54076fbdc4b1744178263459.wav','CO PC downstroke',2,_binary '',1),(20,'2025-04-09T14:57:45.791598413','2025-04-09T17:47:59.724068983',_binary '\0',120,'CO PC roomgate',16,_binary '','https://whistlehub.s3.ap-northeast-2.amazonaws.com/image/8d168dd1-7caa-4d35-a301-fae3ec1cc7eb1744178265526.png',0,'G',0,'https://whistlehub.s3.ap-northeast-2.amazonaws.com/music/5eebe6cf-e6c1-457e-9c66-a23247fd0e031744178265669.wav','CO PC roomgate',1,_binary '',1),(21,'2025-04-09T14:57:47.542979223','2025-04-10T17:25:51.356506877',_binary '\0',120,'CO PSY electric wildwood fingered bluesy',16,_binary '','https://whistlehub.s3.ap-northeast-2.amazonaws.com/image/4de691e4-d367-46da-a7ea-4f846dcaf73b1744178267298.png',0,'F',0,'https://whistlehub.s3.ap-northeast-2.amazonaws.com/music/24a6f861-9bc4-45ad-ae0b-356c5816de0c1744178267419.wav','CO PSY electric wildwood fingered bluesy',12,_binary '',1),(22,'2025-04-09T14:57:49.296858642','2025-04-10T17:25:59.462268009',_binary '\0',120,'CO PSY electric wildwood fingered bluesy',16,_binary '','https://whistlehub.s3.ap-northeast-2.amazonaws.com/image/5422f783-af98-47f6-bf04-a2744abc088a1744178269065.png',0,'F',0,'https://whistlehub.s3.ap-northeast-2.amazonaws.com/music/03851864-ec96-4bc2-b81c-bd9d49e70c5d1744178269163.wav','CO PSY electric wildwood fingered bluesy',6,_binary '',1),(23,'2025-04-09T14:57:50.917542323','2025-04-10T10:11:46.885293955',_binary '\0',120,'DD BWJAZZ groove syncopated ride hat pedal',8,_binary '','https://whistlehub.s3.ap-northeast-2.amazonaws.com/image/2d9ce0e3-7b24-4053-b2e8-084d4228ecce1744178270680.png',0,NULL,0,'https://whistlehub.s3.ap-northeast-2.amazonaws.com/music/cf346b51-7a31-43de-a1e0-0daaefcb323b1744178270828.wav','DD BWJAZZ groove syncopated ride hat pedal',7,_binary '',1),(24,'2025-04-09T14:57:52.526479348','2025-04-11T08:59:26.393253074',_binary '\0',120,'DIA PRL lead arp virtual',8,_binary '','https://whistlehub.s3.ap-northeast-2.amazonaws.com/image/9b1ad446-82a0-4772-8f5a-4e1e56f364ab1744178272341.png',0,'F#min',0,'https://whistlehub.s3.ap-northeast-2.amazonaws.com/music/7fed4e18-cf96-4c3d-9624-403b3d4c18321744178272442.wav','DIA PRL lead arp virtual',2,_binary '',1),(25,'2025-04-09T14:57:54.858402086','2025-04-09T17:47:52.803699002',_binary '\0',120,'DS DPW hook female want chorus wet',16,_binary '','https://whistlehub.s3.ap-northeast-2.amazonaws.com/image/928cd388-c952-4f5e-b25c-88747afe20cc1744178274600.png',0,'D#min',0,'https://whistlehub.s3.ap-northeast-2.amazonaws.com/music/c19d61b1-c837-442a-bd64-730be69d25a01744178274728.wav','DS DPW hook female want chorus wet',3,_binary '',1),(26,'2025-04-09T14:57:56.452833235','2025-04-10T17:25:57.029449045',_binary '\0',120,'EastCoast',8,_binary '','https://whistlehub.s3.ap-northeast-2.amazonaws.com/image/be46bf37-5fec-4c24-90ac-d3b953aa55851744178276214.png',0,'G',0,'https://whistlehub.s3.ap-northeast-2.amazonaws.com/music/abc3ed8c-a1bc-46be-b694-0a636f142fe21744178276352.wav','EastCoast',5,_binary '',1),(27,'2025-04-09T14:57:57.993366812','2025-04-09T17:47:47.704362330',_binary '\0',120,'jh guitar electric loop genie',8,_binary '','https://whistlehub.s3.ap-northeast-2.amazonaws.com/image/f00c281c-c961-4646-b375-ce8c76ec69931744178277812.png',0,'A',0,'https://whistlehub.s3.ap-northeast-2.amazonaws.com/music/b6e4879e-b9d3-4dc8-9d85-9c429c9d21491744178277912.wav','jh guitar electric loop genie',1,_binary '',1),(28,'2025-04-09T14:58:01.431195792','2025-04-09T23:44:31.276024698',_binary '\0',120,'JJP 60SS full alone',16,_binary '','https://whistlehub.s3.ap-northeast-2.amazonaws.com/image/779422b3-6e06-4b57-92bf-dcb4b0bde26f1744178281116.png',0,'E',0,'https://whistlehub.s3.ap-northeast-2.amazonaws.com/music/99a311ed-9761-4642-be7d-11f2e52c46101744178281271.wav','JJP 60SS full alone',3,_binary '',1),(29,'2025-04-09T14:58:03.264393221','2025-04-10T20:59:52.310922552',_binary '\0',120,'KMRBI RHS5 loop bubbles',8,_binary '','https://whistlehub.s3.ap-northeast-2.amazonaws.com/image/b28d2596-7fe4-4dbf-ae52-d4cf13eb40431744178282992.png',0,NULL,0,'https://whistlehub.s3.ap-northeast-2.amazonaws.com/music/14cf469d-78a0-4d05-84f6-7044a3611d1b1744178283114.wav','KMRBI RHS5 loop bubbles',2,_binary '',1),(30,'2025-04-09T14:58:04.851761016','2025-04-11T10:01:51.579365586',_binary '\0',120,'KMRBI RHS5 loop y2k',8,_binary '','https://whistlehub.s3.ap-northeast-2.amazonaws.com/image/03077b6b-6a65-4e8b-b29f-266216fa95811744178284621.png',0,NULL,0,'https://whistlehub.s3.ap-northeast-2.amazonaws.com/music/9fc8cc89-49fe-43db-895d-89529fde635a1744178284737.wav','KMRBI RHS5 loop y2k',7,_binary '',1),(31,'2025-04-09T14:58:06.827587791','2025-04-10T20:59:48.715540354',_binary '\0',120,'KMRBI RHS5 loop whodat',8,_binary '','https://whistlehub.s3.ap-northeast-2.amazonaws.com/image/e20d0992-2045-4f91-9279-6bfcb14a8eb21744178286648.png',0,NULL,0,'https://whistlehub.s3.ap-northeast-2.amazonaws.com/music/641329bb-5df5-4e68-96ea-9f5d6a017bbb1744178286725.wav','KMRBI RHS5 loop whodat',2,_binary '',1),(32,'2025-04-09T14:58:08.645448468','2025-04-11T07:02:36.530354896',_binary '\0',120,'KMRBI RHS5 keys loop blingbling',8,_binary '','https://whistlehub.s3.ap-northeast-2.amazonaws.com/image/7fca482a-c355-4d78-97a5-aeae91e70f991744178288355.png',0,'F#',0,'https://whistlehub.s3.ap-northeast-2.amazonaws.com/music/30be8c96-84a2-48fb-bd8c-2ce690eec92e1744178288531.wav','KMRBI RHS5 keys loop blingbling',4,_binary '',1),(33,'2025-04-09T14:58:10.511996392','2025-04-10T10:37:09.501249007',_binary '\0',120,'KMRBI RHS5 loop whosthere',8,_binary '','https://whistlehub.s3.ap-northeast-2.amazonaws.com/image/c85ae380-7032-4e22-95cf-7397bcad50fc1744178290245.png',0,NULL,0,'https://whistlehub.s3.ap-northeast-2.amazonaws.com/music/4061f3eb-4672-4cb4-b8f8-a4ff2aeafc401744178290391.wav','KMRBI RHS5 loop whosthere',4,_binary '',1),(34,'2025-04-09T14:58:12.107282496','2025-04-10T20:59:43.141077656',_binary '\0',120,'KMRBI RHS5 loop justright',8,_binary '','https://whistlehub.s3.ap-northeast-2.amazonaws.com/image/25015796-000f-4d72-bb60-b4d32460cf5b1744178291856.png',0,NULL,0,'https://whistlehub.s3.ap-northeast-2.amazonaws.com/music/b394f617-330c-410c-934f-44a4b2689cf41744178291982.wav','KMRBI RHS5 loop justright',4,_binary '',1),(35,'2025-04-09T14:58:13.834398589','2025-04-10T20:59:40.312015661',_binary '\0',120,'KMRBI RHS5 loop everythingatonce',8,_binary '','https://whistlehub.s3.ap-northeast-2.amazonaws.com/image/70a7ac8e-358e-4974-bc23-a5478e3154121744178293582.png',0,NULL,0,'https://whistlehub.s3.ap-northeast-2.amazonaws.com/music/aad4f9cb-2286-441d-b7f4-60467bc577941744178293686.wav','KMRBI RHS5 loop everythingatonce',4,_binary '',1),(36,'2025-04-09T14:58:15.615905377','2025-04-09T17:47:32.302743263',_binary '\0',120,'KMRBI RHS5 stack loop crankthatup',8,_binary '','https://whistlehub.s3.ap-northeast-2.amazonaws.com/image/c64569f2-2461-4614-aa59-92827be5318d1744178295384.png',0,'D#',0,'https://whistlehub.s3.ap-northeast-2.amazonaws.com/music/a0eb3e30-ca8d-4476-8188-fc1fa63e8ac31744178295507.wav','KMRBI RHS5 stack loop crankthatup',7,_binary '',1),(37,'2025-04-09T14:58:17.310787789','2025-04-10T21:00:50.177520638',_binary '\0',120,'KMRBI RHS5 loop getlow',8,_binary '','https://whistlehub.s3.ap-northeast-2.amazonaws.com/image/6a9ab114-f241-4f46-824d-53af760219e71744178297045.png',0,NULL,0,'https://whistlehub.s3.ap-northeast-2.amazonaws.com/music/4a8d1ed4-6599-4ebd-9b80-5bc9dab2343a1744178297183.wav','KMRBI RHS5 loop getlow',8,_binary '',1),(38,'2025-04-09T14:58:18.947395808','2025-04-10T21:00:35.394914026',_binary '\0',120,'KMRBI RHS5 loop bounce',8,_binary '','https://whistlehub.s3.ap-northeast-2.amazonaws.com/image/fa56c0d0-6d07-4e64-960d-adeba68490671744178298738.png',0,NULL,0,'https://whistlehub.s3.ap-northeast-2.amazonaws.com/music/3cb6508f-f4c0-46d4-aa7d-df82e316c7a01744178298850.wav','KMRBI RHS5 loop bounce',6,_binary '',1),(39,'2025-04-09T14:58:20.823508420','2025-04-10T21:05:17.069150589',_binary '\0',120,'KMRBI RHS5 loop hunter',16,_binary '','https://whistlehub.s3.ap-northeast-2.amazonaws.com/image/2e740046-3d17-4bdf-932f-1cddf50227781744178300555.png',0,NULL,0,'https://whistlehub.s3.ap-northeast-2.amazonaws.com/music/135f3f60-24d8-4919-bf00-0ec93a152c951744178300693.wav','KMRBI RHS5 loop hunter',5,_binary '',1),(40,'2025-04-09T14:58:23.067844197','2025-04-09T17:47:23.737881369',_binary '\0',120,'KMRBI RHS5 stack loop clouds',16,_binary '','https://whistlehub.s3.ap-northeast-2.amazonaws.com/image/69a7afe0-65a8-4e4e-aa7c-dbf414a645b01744178302841.png',0,'C#maj',0,'https://whistlehub.s3.ap-northeast-2.amazonaws.com/music/9d4f2dc0-a696-429e-ab58-a1344550271b1744178303010.wav','KMRBI RHS5 stack loop clouds',1,_binary '',1),(41,'2025-04-09T14:58:25.144078108','2025-04-09T22:16:28.626768374',_binary '\0',120,'KMRBI RHS5 stack loop wall',16,_binary '','https://whistlehub.s3.ap-northeast-2.amazonaws.com/image/d8257e14-18c0-4697-830c-750bc2f93ae61744178304897.png',0,'G',0,'https://whistlehub.s3.ap-northeast-2.amazonaws.com/music/0b630dd6-db88-460e-992f-f27e059b4dd51744178305012.wav','KMRBI RHS5 stack loop wall',2,_binary '',1),(42,'2025-04-09T14:58:26.793632327','2025-04-11T08:53:20.756249372',_binary '\0',120,'KMRBI RHS5 loop trymybest',8,_binary '','https://whistlehub.s3.ap-northeast-2.amazonaws.com/image/6f362bcd-71b8-4ca4-a72d-828df0f6aae21744178306531.png',0,'Fmaj',0,'https://whistlehub.s3.ap-northeast-2.amazonaws.com/music/86c47fde-3c3a-4668-aa70-6330cbce83c01744178306668.wav','KMRBI RHS5 loop trymybest',7,_binary '',1),(43,'2025-04-09T14:58:29.156107099','2025-04-10T15:56:39.553286423',_binary '\0',120,'KMRBI RHS5 songstarter loop safe',16,_binary '','https://whistlehub.s3.ap-northeast-2.amazonaws.com/image/2d0ef4b5-162a-42f9-9ace-5544fe0781d31744178308881.png',0,'B',0,'https://whistlehub.s3.ap-northeast-2.amazonaws.com/music/81e75390-c2f0-4094-9336-2ffc4161dd6a1744178309000.wav','KMRBI RHS5 songstarter loop safe',3,_binary '',1),(44,'2025-04-09T14:58:31.442453953','2025-04-09T17:47:16.203085272',_binary '\0',120,'KMRBI TSL melodic stack loop thinkabout',16,_binary '','https://whistlehub.s3.ap-northeast-2.amazonaws.com/image/043e7ae4-273f-4b0f-90fb-68d06e546cc31744178311191.png',0,'D',0,'https://whistlehub.s3.ap-northeast-2.amazonaws.com/music/92aa03eb-6648-4415-82ef-ada7f7a37f3b1744178311307.wav','KMRBI TSL melodic stack loop thinkabout',1,_binary '',1),(45,'2025-04-09T14:58:33.091758053','2025-04-09T23:44:54.725566856',_binary '\0',120,'MachineWorld',8,_binary '','https://whistlehub.s3.ap-northeast-2.amazonaws.com/image/6f5f8ce0-9908-41a3-bd78-4768f5e7d0691744178312879.png',0,'C',0,'https://whistlehub.s3.ap-northeast-2.amazonaws.com/music/3888591c-324b-4066-b63f-300968d8b4501744178312963.wav','MachineWorld',3,_binary '',1),(46,'2025-04-09T14:58:36.039594473','2025-04-11T07:02:01.013556795',_binary '\0',120,'MOGL BC loop bring tha bassline',16,_binary '','https://whistlehub.s3.ap-northeast-2.amazonaws.com/image/5aabc09d-9590-43b9-a830-622f0270203a1744178315757.png',0,'D#min',0,'https://whistlehub.s3.ap-northeast-2.amazonaws.com/music/af3c1c31-7f50-4622-bb06-7a1d468807e71744178315924.wav','MOGL BC loop bring tha bassline',7,_binary '',1),(47,'2025-04-09T14:58:37.995087728','2025-04-11T10:11:30.194385898',_binary '\0',120,'OLIVER muted',8,_binary '','https://whistlehub.s3.ap-northeast-2.amazonaws.com/image/5ad9a9fd-806d-4445-8a01-0ab4ca8628ca1744178317685.png',0,'A',2,'https://whistlehub.s3.ap-northeast-2.amazonaws.com/music/f75018c9-4d97-423e-9ee4-93df8a3f56a31744178317896.wav','OLIVER muted',52,_binary '',1),(48,'2025-04-09T14:58:40.219380596','2025-04-10T15:57:17.975449001',_binary '\0',120,'OS AD ambient pad melody dexter',16,_binary '','https://whistlehub.s3.ap-northeast-2.amazonaws.com/image/7590b606-c559-449c-8744-686c7259bc991744178320050.png',0,'C#',0,'https://whistlehub.s3.ap-northeast-2.amazonaws.com/music/1d173bee-27c0-49b6-8964-29e3fac06fe81744178320111.wav','OS AD ambient pad melody dexter',2,_binary '',1),(49,'2025-04-09T14:58:42.563598075','2025-04-10T21:04:34.921727629',_binary '\0',120,'OS AD melody two step',16,_binary '','https://whistlehub.s3.ap-northeast-2.amazonaws.com/image/5833ced1-73b4-4169-9c1e-bcd0879955bf1744178322319.png',0,'F#',0,'https://whistlehub.s3.ap-northeast-2.amazonaws.com/music/06238359-a7c1-4b3a-9e54-75b57fdab0ff1744178322448.wav','OS AD melody two step',7,_binary '',1),(50,'2025-04-09T14:58:45.215090803','2025-04-09T17:47:05.134214662',_binary '\0',120,'OS AD chords hieroglyphics',16,_binary '','https://whistlehub.s3.ap-northeast-2.amazonaws.com/image/cdd28081-cae4-4329-a125-98d40f9e6da71744178324987.png',0,'A',0,'https://whistlehub.s3.ap-northeast-2.amazonaws.com/music/6273809e-d836-471c-8611-d1575868d7cc1744178325111.wav','OS AD chords hieroglyphics',1,_binary '',1),(51,'2025-04-09T14:58:47.559830434','2025-04-09T17:47:03.063686571',_binary '\0',0,'OS AD vocal only wanna talk 120 copy',16,_binary '','https://whistlehub.s3.ap-northeast-2.amazonaws.com/image/9c296bb7-cb24-41f5-b518-d05e88cc577b1744178327410.png',0,'A#',0,'https://whistlehub.s3.ap-northeast-2.amazonaws.com/music/11e5c043-7a36-4257-9bc6-0f8102edc9591744178327505.wav','OS AD vocal only wanna talk 120 copy',1,_binary '',1),(52,'2025-04-09T14:58:50.093002513','2025-04-09T18:46:16.077520445',_binary '\0',120,'OS AD vocal only wanna talk',16,_binary '','https://whistlehub.s3.ap-northeast-2.amazonaws.com/image/1b98c237-a599-41e3-9f40-cbbe7734c5cd1744178329860.png',0,'A#',0,'https://whistlehub.s3.ap-northeast-2.amazonaws.com/music/78a7417e-0008-4663-aff3-912e85999f4c1744178329976.wav','OS AD vocal only wanna talk',6,_binary '',1),(53,'2025-04-09T14:58:52.517931512','2025-04-11T08:42:58.932805420',_binary '\0',0,'OS AE melodic stack picturethis 120 copy',16,_binary '','https://whistlehub.s3.ap-northeast-2.amazonaws.com/image/b66cd363-b484-4afe-b3b5-1de1a2e4095a1744178332197.png',0,'C',0,'https://whistlehub.s3.ap-northeast-2.amazonaws.com/music/3ed578ef-1855-41cf-8236-8b455a063c991744178332333.wav','OS AE melodic stack picturethis 120 copy',9,_binary '',1),(54,'2025-04-09T14:58:54.762859410','2025-04-09T17:46:57.942457481',_binary '\0',120,'OS AE melodic stack picturethis',16,_binary '','https://whistlehub.s3.ap-northeast-2.amazonaws.com/image/d789a2d5-ffd5-4cee-9f1e-11efdb21dd6c1744178334501.png',0,'C',0,'https://whistlehub.s3.ap-northeast-2.amazonaws.com/music/f31b255a-a2ca-4c42-ac42-cb9f257b3d621744178334632.wav','OS AE melodic stack picturethis',1,_binary '',1),(55,'2025-04-09T14:58:56.990383490','2025-04-09T17:46:56.304909126',_binary '\0',120,'OS LFC pad chords eyes',16,_binary '','https://whistlehub.s3.ap-northeast-2.amazonaws.com/image/7b8b454e-cac3-4645-ac3c-7d7380faa7bc1744178336777.png',0,'C',0,'https://whistlehub.s3.ap-northeast-2.amazonaws.com/music/c53d3260-1f48-40c2-8361-5ebaa6628fc41744178336885.wav','OS LFC pad chords eyes',1,_binary '',1),(56,'2025-04-09T14:58:59.335752862','2025-04-09T19:01:45.689482555',_binary '\0',120,'OS SS2 alfredo',16,_binary '','https://whistlehub.s3.ap-northeast-2.amazonaws.com/image/b5b8b055-583f-40e4-a2b9-945bcdd3e2331744178339065.png',0,'D',0,'https://whistlehub.s3.ap-northeast-2.amazonaws.com/music/bc037546-5078-4321-96b0-e892d99220c91744178339208.wav','OS SS2 alfredo',2,_binary '',1),(57,'2025-04-09T14:59:01.841764621','2025-04-09T17:46:51.244619119',_binary '\0',120,'OS SS2 chords alfredo',16,_binary '','https://whistlehub.s3.ap-northeast-2.amazonaws.com/image/0fef0500-3fd0-46e7-978e-e1ba4b5eba711744178341570.png',0,'D',0,'https://whistlehub.s3.ap-northeast-2.amazonaws.com/music/40315c84-ddbb-43e0-ba13-7f0ededcb9991744178341729.wav','OS SS2 chords alfredo',1,_binary '',1),(58,'2025-04-09T14:59:04.203346806','2025-04-11T07:02:06.133865257',_binary '\0',120,'OS VV3 chords sunday',16,_binary '','https://whistlehub.s3.ap-northeast-2.amazonaws.com/image/384e9e13-e921-4780-9c73-847c84f550211744178344012.png',0,'D',0,'https://whistlehub.s3.ap-northeast-2.amazonaws.com/music/32cb93bd-3e7d-4ff9-8e48-1aa6435832121744178344089.wav','OS VV3 chords sunday',2,_binary '',1),(59,'2025-04-09T14:59:05.884009857','2025-04-10T21:05:07.204367215',_binary '\0',120,'OS VV3 loop pocket',8,_binary '','https://whistlehub.s3.ap-northeast-2.amazonaws.com/image/deadb34d-4903-449e-b290-c6507bbc370e1744178345647.png',0,NULL,0,'https://whistlehub.s3.ap-northeast-2.amazonaws.com/music/8d5e978c-49dc-4f0b-882d-3161a68c23fb1744178345767.wav','OS VV3 loop pocket',9,_binary '',1),(60,'2025-04-09T14:59:08.140202712','2025-04-10T21:04:46.548630724',_binary '\0',120,'OS VV3 electric chords gold',16,_binary '','https://whistlehub.s3.ap-northeast-2.amazonaws.com/image/ad7bd62a-bba2-49e0-ac88-7c9b8c73c8471744178347923.png',0,'D#',0,'https://whistlehub.s3.ap-northeast-2.amazonaws.com/music/38bb7e72-8c1b-448e-89a3-5192d2b11c231744178348047.wav','OS VV3 electric chords gold',5,_binary '',1),(61,'2025-04-09T14:59:10.165254592','2025-04-10T17:25:53.901346143',_binary '\0',120,'PMAL bassline loop keep it real',16,_binary '','https://whistlehub.s3.ap-northeast-2.amazonaws.com/image/50796d90-3bf0-4bab-9d39-464a69f0d8021744178349962.png',0,'D',0,'https://whistlehub.s3.ap-northeast-2.amazonaws.com/music/55dd875a-1bb0-4daa-8dd1-c5bbb3e71d8d1744178350075.wav','PMAL bassline loop keep it real',9,_binary '',1),(62,'2025-04-09T14:59:12.379778349','2025-04-10T15:57:14.770891788',_binary '\0',120,'RKU SRL Lonely Nights Loop',16,_binary '','https://whistlehub.s3.ap-northeast-2.amazonaws.com/image/75613e23-ec16-45bb-9c04-afdc02f5cc181744178352132.png',0,'C',0,'https://whistlehub.s3.ap-northeast-2.amazonaws.com/music/0644f046-c409-48d4-92ee-eaa6e413b1551744178352262.wav','RKU SRL Lonely Nights Loop',2,_binary '',1),(63,'2025-04-09T14:59:14.486982101','2025-04-09T18:47:16.642597505',_binary '\0',120,'RKU VPE chop loop sugar',16,_binary '','https://whistlehub.s3.ap-northeast-2.amazonaws.com/image/8a98025d-32fb-4244-9812-b5b139d689091744178354255.png',0,'G',0,'https://whistlehub.s3.ap-northeast-2.amazonaws.com/music/dae22ce8-08ec-495a-a820-68cb89d1bdff1744178354375.wav','RKU VPE chop loop sugar',7,_binary '',1),(64,'2025-04-09T14:59:16.173679090','2025-04-09T17:46:39.003608173',_binary '\0',120,'SC ambience analog noise',8,_binary '','https://whistlehub.s3.ap-northeast-2.amazonaws.com/image/693bd9c5-dac1-4bd7-9f31-40e09acd7eb91744178355936.png',0,'Bmin',0,'https://whistlehub.s3.ap-northeast-2.amazonaws.com/music/4b4850c5-4870-4565-998c-623f402fd23a1744178356065.wav','SC ambience analog noise',1,_binary '',1),(65,'2025-04-09T14:59:17.981475365','2025-04-09T17:46:37.852808173',_binary '\0',120,'SC ambience analog noise',8,_binary '','https://whistlehub.s3.ap-northeast-2.amazonaws.com/image/4a0e23c5-30d3-4583-b0d3-55b44bd775661744178357663.png',0,'Bmin',0,'https://whistlehub.s3.ap-northeast-2.amazonaws.com/music/3cc78444-1231-4f0f-81bc-d0960bc2aa111744178357795.wav','SC ambience analog noise',3,_binary '',1),(66,'2025-04-09T14:59:19.521661655','2025-04-10T21:04:57.982817053',_binary '\0',120,'SC breathing brushes',8,_binary '','https://whistlehub.s3.ap-northeast-2.amazonaws.com/image/50e83864-fea6-4408-afff-35771015590f1744178359314.png',0,NULL,0,'https://whistlehub.s3.ap-northeast-2.amazonaws.com/music/455a1082-ca95-4046-bec4-41d0dfe8fb8a1744178359421.wav','SC breathing brushes',5,_binary '',1),(67,'2025-04-09T14:59:21.462299257','2025-04-10T10:36:52.963618580',_binary '\0',120,'SC tight slowcore',16,_binary '','https://whistlehub.s3.ap-northeast-2.amazonaws.com/image/68c58ab1-9764-4a8d-b252-fe8652dafce51744178361265.png',0,NULL,0,'https://whistlehub.s3.ap-northeast-2.amazonaws.com/music/73861ba4-6df8-4dd7-957a-ba3b8ecdc26b1744178361394.wav','SC tight slowcore',12,_binary '',1),(68,'2025-04-09T14:59:23.736730474','2025-04-09T18:47:09.902437167',_binary '\0',120,'SD TMC choir ensemble harmonies ambient gospel woo',16,_binary '','https://whistlehub.s3.ap-northeast-2.amazonaws.com/image/1f5f44a1-6cbd-4782-99c6-e0e36e78b8151744178363470.png',0,'Fmin',1,'https://whistlehub.s3.ap-northeast-2.amazonaws.com/music/c1d6aa4f-10e9-47c4-ba60-8added7e20651744178363589.wav','SD TMC choir ensemble harmonies ambient gospel woo',27,_binary '',1),(69,'2025-04-09T14:59:25.818352046','2025-04-09T17:46:30.582950493',_binary '\0',120,'SD TMC organ chords gospel woo',16,_binary '','https://whistlehub.s3.ap-northeast-2.amazonaws.com/image/7eca72ca-9124-4393-9ca4-0330daa803981744178365589.png',0,'Fmin',0,'https://whistlehub.s3.ap-northeast-2.amazonaws.com/music/d0378240-cd9a-4a85-8ace-92d0933133c21744178365696.wav','SD TMC organ chords gospel woo',1,_binary '',1),(70,'2025-04-09T14:59:29.180510916','2025-04-09T17:46:28.822848143',_binary '\0',120,'SD TUVV3 chords Gospel Walk',16,_binary '','https://whistlehub.s3.ap-northeast-2.amazonaws.com/image/d94b98fc-89f4-470a-a1b6-ca18a077fb2e1744178368903.png',0,'F#min',0,'https://whistlehub.s3.ap-northeast-2.amazonaws.com/music/4baf99c2-2be7-45ec-a224-820f7dff6cfd1744178369023.wav','SD TUVV3 chords Gospel Walk',1,_binary '',1),(71,'2025-04-09T14:59:31.431649723','2025-04-09T17:46:27.111067593',_binary '\0',120,'SM NCH lead perception',16,_binary '','https://whistlehub.s3.ap-northeast-2.amazonaws.com/image/d2324065-0e36-4522-bf9c-813831c67bab1744178371205.png',0,'E',0,'https://whistlehub.s3.ap-northeast-2.amazonaws.com/music/0729c65b-c6b1-4818-83f9-742d71592b5b1744178371331.wav','SM NCH lead perception',1,_binary '',1),(72,'2025-04-09T14:59:33.343367989','2025-04-09T23:45:17.608881782',_binary '\0',120,'SM NCH keys cerebral',16,_binary '','https://whistlehub.s3.ap-northeast-2.amazonaws.com/image/5feb7055-1127-4bcf-9289-da9a757b390f1744178372917.png',0,'E',0,'https://whistlehub.s3.ap-northeast-2.amazonaws.com/music/5713853f-6e8e-4387-8740-3a5d73780d191744178373211.wav','SM NCH keys cerebral',5,_binary '',1),(73,'2025-04-09T14:59:35.474475538','2025-04-10T21:04:49.373748348',_binary '\0',120,'SO TL loop discoball hard',16,_binary '','https://whistlehub.s3.ap-northeast-2.amazonaws.com/image/5618706a-24f4-431e-b742-a235efdc80451744178375270.png',0,NULL,0,'https://whistlehub.s3.ap-northeast-2.amazonaws.com/music/6d7f04dd-57dd-4701-a6c9-2bcc9d657ae11744178375376.wav','SO TL loop discoball hard',20,_binary '',1),(74,'2025-04-09T14:59:37.445921440','2025-04-10T17:35:43.266406954',_binary '\0',120,'SOULSURPLUS ivory melodic loop rnb bpm',16,_binary '','https://whistlehub.s3.ap-northeast-2.amazonaws.com/image/bbc04762-6650-4281-8787-b7b70f947ecb1744178377213.png',0,'D#min',0,'https://whistlehub.s3.ap-northeast-2.amazonaws.com/music/58980dcb-a591-4572-885f-e6f8d1709a391744178377332.wav','SOULSURPLUS ivory melodic loop rnb bpm',5,_binary '',1),(75,'2025-04-09T14:59:39.118399780','2025-04-10T17:25:48.748750281',_binary '\0',120,'T TSSND loop confetti',8,_binary '','https://whistlehub.s3.ap-northeast-2.amazonaws.com/image/61c24e98-2e06-488c-aa69-5f049f6054a11744178378892.png',0,'Gmin',0,'https://whistlehub.s3.ap-northeast-2.amazonaws.com/music/1e66af62-17ab-48cd-90b3-67f72127ce341744178379036.wav','T TSSND loop confetti',13,_binary '',1),(76,'2025-04-09T14:59:41.775378853','2025-04-10T17:31:20.355977478',_binary '\0',120,'TRKTRN ABSPBPKXB Electric Help Me',16,_binary '\0','https://whistlehub.s3.ap-northeast-2.amazonaws.com/image/36e6bd8e-ffb9-4cf4-b9df-32416a85b4691744178381547.png',0,'Emin',0,'https://whistlehub.s3.ap-northeast-2.amazonaws.com/music/1f7b9fcc-21cb-499d-9123-28dc0f7e47251744178381645.wav','TRKTRN ABSPBPKXB Electric Help Me',12,_binary '',1),(77,'2025-04-09T14:59:43.486067448','2025-04-10T12:03:19.930691814',_binary '\0',120,'GIO MEG riff follow the leader ETC',8,_binary '','https://whistlehub.s3.ap-northeast-2.amazonaws.com/image/f8a940d0-0b70-4085-97b4-3280da0725ef1744178383239.png',0,'Dmin',2,'https://whistlehub.s3.ap-northeast-2.amazonaws.com/music/99e50441-bcf1-4dcd-bf13-1a7c9d575c651744178383342.wav','GIO MEG riff follow the leader ETC',18,_binary '',1),(78,'2025-04-09T14:59:45.594770431','2025-04-10T17:30:32.024058346',_binary '\0',120,'TRKTRN HGLKBN Loop Sunbeam Chords Dry',16,_binary '','https://whistlehub.s3.ap-northeast-2.amazonaws.com/image/71d1ec23-1907-415a-b980-d68b9dcab2d11744178385399.png',0,'Cmin',0,'https://whistlehub.s3.ap-northeast-2.amazonaws.com/music/0d9084b1-012a-45b1-9ff7-6d629e96397c1744178385477.wav','TRKTRN HGLKBN Loop Sunbeam Chords Dry',9,_binary '',1),(79,'2025-04-09T14:59:47.860673532','2025-04-10T17:24:00.393412780',_binary '\0',120,'SO MB trumpet stack tango record ETC',16,_binary '','https://whistlehub.s3.ap-northeast-2.amazonaws.com/image/5cd98f2e-8c41-4398-bbe8-c92d3f1325b71744178387671.png',0,'Dmin',0,'https://whistlehub.s3.ap-northeast-2.amazonaws.com/music/720b94d7-f443-4126-829c-de593576e7ac1744178387774.wav','SO MB trumpet stack tango record ETC',370,_binary '',1),(80,'2025-04-09T14:59:49.510304775','2025-04-11T08:43:27.224947601',_binary '\0',0,'Wah Riff 120 copy',8,_binary '','https://whistlehub.s3.ap-northeast-2.amazonaws.com/image/bbfbc7ad-24ed-48a4-84a8-dee666eadd901744178389284.png',0,'Amin',0,'https://whistlehub.s3.ap-northeast-2.amazonaws.com/music/fb2a2fee-5236-4874-8639-3286d030c2ba1744178389365.wav','Wah Riff 120 copy',431,_binary '',1),(81,'2025-04-09T14:59:51.280384701','2025-04-11T10:27:11.138686497',_binary '\0',120,'Wah Riff',8,_binary '','https://whistlehub.s3.ap-northeast-2.amazonaws.com/image/bf8ccc22-fda1-4b41-92cc-0df4fb34d2fa1744178391044.png',0,'Amin',0,'https://whistlehub.s3.ap-northeast-2.amazonaws.com/music/ef360890-2f9d-46f3-abe5-ba7ddd2859bc1744178391160.wav','Wah Riff',646,_binary '',1),(82,'2025-04-09T14:59:53.420004109','2025-04-10T17:24:00.337807481',_binary '\0',120,'ZEN CRK loop undertone',16,_binary '','https://whistlehub.s3.ap-northeast-2.amazonaws.com/image/6c102322-fd4f-465f-8cbf-2f3e548f0fb31744178393226.png',0,'F',1,'https://whistlehub.s3.ap-northeast-2.amazonaws.com/music/78b6e7a5-41a8-416b-b125-eb75728c87f61744178393325.wav','ZEN CRK loop undertone',407,_binary '',1),(83,'2025-04-09T14:59:55.897370854','2025-04-11T10:27:10.288600461',_binary '\0',120,'ZEN SHAV arp loop unfazed',16,_binary '','https://whistlehub.s3.ap-northeast-2.amazonaws.com/image/1b7678fb-d6b3-41c6-b3e7-de28ed68b4921744178395654.png',0,'Gmin',4,'https://whistlehub.s3.ap-northeast-2.amazonaws.com/music/e6dfa524-bc5f-460d-992e-98542fc2e0a81744178395767.wav','ZEN SHAV arp loop unfazed',617,_binary '',1),(84,'2025-04-09T16:06:39.240950941','2025-04-09T21:58:02.422365266',_binary '\0',120,'qwe',16,_binary '',NULL,0,'G',0,'https://whistlehub.s3.ap-northeast-2.amazonaws.com/music/699b9637-7a32-45ea-acfa-36323c3674ca1744182399076.wav','asd',21,_binary '',8),(85,'2025-04-09T17:41:25.756027768','2025-04-10T17:24:38.072889475',_binary '\0',120,'기가 막힌 리믹스 ㅋ',16,_binary '\0',NULL,0,'G',0,'https://whistlehub.s3.ap-northeast-2.amazonaws.com/music/1284e5be-aa8f-477c-88da-b38f955d0ea71744188085632.wav','DJ BANG REMIX vol.1',16,_binary '',3),(94,'2025-04-09T19:53:14.528540519','2025-04-10T21:11:40.438066211',_binary '\0',120,'qwe',16,_binary '',NULL,0,'G',0,'https://whistlehub.s3.ap-northeast-2.amazonaws.com/music/56d45856-09a3-4d09-a8bc-8f9c874b06c71744195989411.wav','asd',14,_binary '',8),(95,'2025-04-09T20:03:18.421362790','2025-04-10T19:38:37.485241608',_binary '\0',120,'tag',16,_binary '',NULL,0,'G',0,'https://whistlehub.s3.ap-northeast-2.amazonaws.com/music/73ed5742-fc3e-4097-b251-7cee07d864cb1744196598288.wav','test',9,_binary '',8),(96,'2025-04-09T20:25:46.048085333','2025-04-10T21:16:00.180892755',_binary '\0',120,'11',34,_binary '',NULL,0,'G',0,'https://whistlehub.s3.ap-northeast-2.amazonaws.com/music/24c65d5f-01ff-4f2a-b294-abbd00e5a9c81744197945880.wav','test',13,_binary '',8),(98,'2025-04-09T20:32:34.673529465','2025-04-10T20:17:20.715769321',_binary '\0',120,'aa',8,_binary '',NULL,0,'G',0,'https://whistlehub.s3.ap-northeast-2.amazonaws.com/music/8fffb9b1-adff-4fff-ba2b-8a15fa17da2d1744198354549.wav','record number',12,_binary '',8),(99,'2025-04-10T10:19:20.617202702','2025-04-10T17:24:42.775120085',_binary '\0',120,'mix 1',16,_binary '\0',NULL,0,'G',0,'https://whistlehub.s3.ap-northeast-2.amazonaws.com/music/a576e68a-0052-4d3a-8011-ee2b00ebaf3d1744247960417.wav','ucc mix 1',2,_binary '',3),(103,'2025-04-10T17:36:12.400335953','2025-04-11T08:58:57.836075715',_binary '\0',120,'trumpet good',16,_binary '',NULL,0,'G',2,'https://whistlehub.s3.ap-northeast-2.amazonaws.com/music/ce53b9d6-f92b-40bb-8685-be258a5301d91744274172268.wav','big yellow fugue',77,_binary '',6),(107,'2025-04-10T20:08:22.013383168','2025-04-10T20:12:50.569022874',_binary '\0',0,'휘슬허브 메인 오프닝 곡',16,_binary '\0','https://whistlehub.s3.ap-northeast-2.amazonaws.com/image/167d3a2a-0b18-4a1a-b313-2f927cf1de5a1744283301779.png',0,NULL,0,'https://whistlehub.s3.ap-northeast-2.amazonaws.com/music/c2211bfb-5ed9-4a1a-a55d-a66dae2730191744283301895.wav','whistlehub_opening',10,_binary '\0',11),(111,'2025-04-10T20:25:53.686405365','2025-04-10T20:39:34.620810243',_binary '\0',0,'휘슬허브 메인 오프닝 곡',16,_binary '\0','https://whistlehub.s3.ap-northeast-2.amazonaws.com/image/9da05aac-08f8-4d45-9e57-6434cdb3c24d1744284353408.png',0,NULL,0,'https://whistlehub.s3.ap-northeast-2.amazonaws.com/music/c038fabc-481a-40d3-a1d2-e29918b48d641744284353548.wav','휘슬허브오프닝',11,_binary '\0',11),(112,'2025-04-10T20:38:45.159864938','2025-04-10T20:39:21.864053831',_binary '\0',120,'g1g1g1',0,_binary '\0',NULL,0,'G',0,'https://whistlehub.s3.ap-northeast-2.amazonaws.com/music/83cc5b2d-d50e-430c-810c-64b043ed607e1744285124649.wav','g1g1g',2,_binary '',3),(113,'2025-04-10T20:52:21.301210704','2025-04-10T20:56:23.746895277',_binary '\0',120,'DJ.Bang\'s 휘파람',16,_binary '\0','https://whistlehub.s3.ap-northeast-2.amazonaws.com/image/11ae168c-449e-4b2e-91bb-e9d84458d0341744285941057.png',0,'E',0,'https://whistlehub.s3.ap-northeast-2.amazonaws.com/music/97368578-1a75-4628-81fa-ea59f73b6c4e1744285941211.wav','DJ.Bang\'s 휘파람',5,_binary '',11),(114,'2025-04-10T20:52:23.582591393','2025-04-11T10:15:18.953543482',_binary '\0',120,'Junique\'s guitar riff',16,_binary '','https://whistlehub.s3.ap-northeast-2.amazonaws.com/image/3d44cd3f-c166-42b3-84f9-786a11bb47e81744285943352.png',0,'E',0,'https://whistlehub.s3.ap-northeast-2.amazonaws.com/music/3ae30377-2150-4d91-918c-063854fb4df71744285943461.wav','Junique\'s guitar riff',13,_binary '',11),(115,'2025-04-10T20:52:25.658894402','2025-04-10T20:56:30.345444369',_binary '\0',120,'Junique\'s 허밍 record',16,_binary '\0','https://whistlehub.s3.ap-northeast-2.amazonaws.com/image/a33f7f2e-01e2-41d9-9a19-ffc597da59501744285945472.png',0,'E',0,'https://whistlehub.s3.ap-northeast-2.amazonaws.com/music/200282dd-873c-4420-8dd0-bda0cd478b681744285945549.wav','Junique\'s 허밍 record',3,_binary '',11),(116,'2025-04-10T20:53:20.651973085','2025-04-11T10:27:10.285571963',_binary '\0',120,'fv bassloop',16,_binary '','https://whistlehub.s3.ap-northeast-2.amazonaws.com/image/6d052842-4e27-4c44-9fea-09031fb9f18b1744286000440.png',0,'E',0,'https://whistlehub.s3.ap-northeast-2.amazonaws.com/music/18df06d9-a4de-4c90-b574-3b16709428511744286000569.wav','fv bassloop',106,_binary '',1),(117,'2025-04-10T20:53:22.820673920','2025-04-11T10:27:11.477236688',_binary '\0',120,'gold school',16,_binary '','https://whistlehub.s3.ap-northeast-2.amazonaws.com/image/42c0c33b-a7fc-4721-af4d-90ba7922325b1744286002661.png',0,NULL,0,'https://whistlehub.s3.ap-northeast-2.amazonaws.com/music/aae85b80-2fda-4ee6-8168-66d7aef434941744286002739.wav','gold school',106,_binary '',1),(118,'2025-04-10T20:58:18.879450285','2025-04-11T10:13:19.465207080',_binary '\0',120,'DJ.Bang\'s whistling',16,_binary '','https://whistlehub.s3.ap-northeast-2.amazonaws.com/image/cd46685d-abd5-471b-89fd-644f020089f01744286298630.png',0,'E',0,'https://whistlehub.s3.ap-northeast-2.amazonaws.com/music/fa2761e5-12a7-4b15-9828-7ce2fb52c0d51744286298760.wav','DJ.Bang\'s whistling',35,_binary '',11),(119,'2025-04-10T20:58:21.126724981','2025-04-11T10:14:14.082944184',_binary '\0',120,'Junique\'s humming record',16,_binary '','https://whistlehub.s3.ap-northeast-2.amazonaws.com/image/c5670d1d-b2e3-41a8-9eee-7ddbcc40325d1744286300856.png',0,'E',0,'https://whistlehub.s3.ap-northeast-2.amazonaws.com/music/a167c70d-5cf9-4936-b9a2-dd26989c86391744286300951.wav','Junique\'s humming record',13,_binary '',11),(120,'2025-04-10T21:01:42.584301646','2025-04-10T21:32:45.830034757',_binary '\0',120,'Sunday love',16,_binary '','https://whistlehub.s3.ap-northeast-2.amazonaws.com/image/e2c03d4b-9169-478e-8ad5-d9739f40cc211744288365713.jpg',0,'G',0,'https://whistlehub.s3.ap-northeast-2.amazonaws.com/music/af341d32-4f86-47a2-9c52-8ee7c0efe03a1744286502465.wav','sunset drive time',10,_binary '',11),(121,'2025-04-10T21:09:11.458085033','2025-04-11T08:40:54.087688981',_binary '\0',120,'let\'s go',16,_binary '',NULL,0,'G',0,'https://whistlehub.s3.ap-northeast-2.amazonaws.com/music/1996f8c1-d8b6-450b-853d-fa747ecd55451744286951376.wav','my mix vol.1',5,_binary '',3),(122,'2025-04-10T21:10:53.773038537','2025-04-11T08:40:54.091705657',_binary '\0',120,'goooood',16,_binary '',NULL,0,'G',0,'https://whistlehub.s3.ap-northeast-2.amazonaws.com/music/e19c1e26-3e95-4c46-82b9-666fd5bf4acf1744287053657.wav','old school remix.',5,_binary '',3),(123,'2025-04-11T10:16:32.336919149','2025-04-11T10:16:43.073117361',_binary '\0',120,'i love ssafy',16,_binary '',NULL,0,'G',0,'https://whistlehub.s3.ap-northeast-2.amazonaws.com/music/44e6870e-e994-40ed-905e-e32c9ef6ad6d1744334192249.wav','ssafy',1,_binary '',11);
/*!40000 ALTER TABLE `track` ENABLE KEYS */;
UNLOCK TABLES;

--
-- Table structure for table `track_tag`
--

DROP TABLE IF EXISTS `track_tag`;
/*!40101 SET @saved_cs_client     = @@character_set_client */;
/*!50503 SET character_set_client = utf8mb4 */;
CREATE TABLE `track_tag` (
  `created_at` varchar(255) COLLATE utf8mb4_unicode_ci DEFAULT NULL,
  `updated_at` varchar(255) COLLATE utf8mb4_unicode_ci DEFAULT NULL,
  `tag_id` int NOT NULL,
  `track_id` int NOT NULL,
  PRIMARY KEY (`tag_id`,`track_id`),
  KEY `FK3gm9csjespo6tanpdich8040` (`track_id`),
  CONSTRAINT `FK3gm9csjespo6tanpdich8040` FOREIGN KEY (`track_id`) REFERENCES `track` (`track_id`),
  CONSTRAINT `FKa4peiw3vuflprc132il4xq6gf` FOREIGN KEY (`tag_id`) REFERENCES `tag` (`tag_id`)
) ENGINE=InnoDB DEFAULT CHARSET=utf8mb4 COLLATE=utf8mb4_unicode_ci;
/*!40101 SET character_set_client = @saved_cs_client */;

--
-- Dumping data for table `track_tag`
--

LOCK TABLES `track_tag` WRITE;
/*!40000 ALTER TABLE `track_tag` DISABLE KEYS */;
INSERT INTO `track_tag` VALUES ('2025-04-09T14:57:17.199074944',NULL,2,7),('2025-04-09T14:57:19.091091924',NULL,2,8),('2025-04-09T14:57:21.356299133',NULL,2,9),('2025-04-09T14:57:23.460666651',NULL,2,10),('2025-04-09T14:57:26.140043714',NULL,2,11),('2025-04-09T14:57:28.309088622',NULL,2,12),('2025-04-09T14:57:30.515979444',NULL,2,13),('2025-04-09T14:57:50.921362329',NULL,2,23),('2025-04-09T14:57:58.001600043',NULL,2,27),('2025-04-09T19:53:14.532379506',NULL,3,94),('2025-04-09T14:57:03.382216633',NULL,4,1),('2025-04-09T14:57:11.146882638',NULL,4,4),('2025-04-09T14:57:34.773714266',NULL,4,15),('2025-04-09T14:57:41.298610144',NULL,4,18),('2025-04-09T14:57:43.578223667',NULL,4,19),('2025-04-09T14:57:45.795482451',NULL,4,20),('2025-04-09T14:58:01.434644013',NULL,4,28),('2025-04-09T14:58:38.000294119',NULL,4,47),('2025-04-09T14:59:05.887110113',NULL,4,59),('2025-04-09T14:59:14.494590085',NULL,4,63),('2025-04-09T14:59:41.778587725',NULL,4,76),('2025-04-09T14:59:49.513772216',NULL,4,80),('2025-04-09T14:59:51.283349874',NULL,4,81),('2025-04-10T20:08:22.018705354',NULL,4,107),('2025-04-10T20:25:53.689605811',NULL,4,111),('2025-04-10T21:01:42.587711798',NULL,4,120),('2025-04-10T21:09:11.462232769',NULL,4,121),('2025-04-09T14:57:11.148337054',NULL,6,4),('2025-04-09T14:57:34.775043993',NULL,6,15),('2025-04-09T14:58:01.435756451',NULL,6,28),('2025-04-09T14:58:03.267733679',NULL,6,29),('2025-04-09T14:58:04.855335930',NULL,6,30),('2025-04-09T14:58:06.831365591',NULL,6,31),('2025-04-09T14:58:08.651965808',NULL,6,32),('2025-04-09T14:58:10.515505213',NULL,6,33),('2025-04-09T14:58:12.111798474',NULL,6,34),('2025-04-09T14:58:13.838328021',NULL,6,35),('2025-04-09T14:58:15.619725551',NULL,6,36),('2025-04-09T14:58:17.314262955',NULL,6,37),('2025-04-09T14:58:18.953712260',NULL,6,38),('2025-04-09T14:58:20.826990510',NULL,6,39),('2025-04-09T14:58:23.071285589',NULL,6,40),('2025-04-09T14:58:25.147459122',NULL,6,41),('2025-04-09T14:58:26.800477194',NULL,6,42),('2025-04-09T14:58:29.159447062',NULL,6,43),('2025-04-09T14:58:31.447593183',NULL,6,44),('2025-04-09T14:58:40.222708792',NULL,6,48),('2025-04-09T14:58:45.218180069',NULL,6,50),('2025-04-09T14:58:47.563203131',NULL,6,51),('2025-04-09T14:58:50.096428288',NULL,6,52),('2025-04-09T14:58:52.521238710',NULL,6,53),('2025-04-09T14:58:54.767579930',NULL,6,54),('2025-04-09T14:58:59.339249737',NULL,6,56),('2025-04-09T14:59:01.845053853',NULL,6,57),('2025-04-09T14:59:08.143557357',NULL,6,60),('2025-04-09T14:59:23.740003633',NULL,6,68),('2025-04-09T14:59:25.821414066',NULL,6,69),('2025-04-09T14:59:29.184093894',NULL,6,70),('2025-04-09T14:59:35.477734688',NULL,6,73),('2025-04-09T14:59:37.448963981',NULL,6,74),('2025-04-09T14:57:03.388407103',NULL,7,1),('2025-04-09T14:57:15.177982798',NULL,7,6),('2025-04-09T14:57:17.200590175',NULL,7,7),('2025-04-09T14:57:19.092420469',NULL,7,8),('2025-04-09T14:57:21.357744198',NULL,7,9),('2025-04-09T14:57:23.462932521',NULL,7,10),('2025-04-09T14:57:26.141629194',NULL,7,11),('2025-04-09T14:57:28.310448453',NULL,7,12),('2025-04-09T14:57:30.517494834',NULL,7,13),('2025-04-09T14:57:52.530051065',NULL,7,24),('2025-04-09T14:57:58.004637583',NULL,7,27),('2025-04-09T14:58:01.436815708',NULL,7,28),('2025-04-09T14:58:03.268763421',NULL,7,29),('2025-04-09T14:58:04.856607996',NULL,7,30),('2025-04-09T14:58:06.832471456',NULL,7,31),('2025-04-09T14:58:08.653255762',NULL,7,32),('2025-04-09T14:58:10.516649592',NULL,7,33),('2025-04-09T14:58:12.113102616',NULL,7,34),('2025-04-09T14:58:13.839613425',NULL,7,35),('2025-04-09T14:58:15.621164426',NULL,7,36),('2025-04-09T14:58:17.315344228',NULL,7,37),('2025-04-09T14:58:18.955692667',NULL,7,38),('2025-04-09T14:58:20.829594251',NULL,7,39),('2025-04-09T14:58:23.072332862',NULL,7,40),('2025-04-09T14:58:25.148538564',NULL,7,41),('2025-04-09T14:58:26.801568476',NULL,7,42),('2025-04-09T14:58:29.160719235',NULL,7,43),('2025-04-09T14:58:52.522302671',NULL,7,53),('2025-04-09T14:58:54.770871669',NULL,7,54),('2025-04-09T14:58:56.993507433',NULL,7,55),('2025-04-09T14:59:05.888069905',NULL,7,59),('2025-04-09T14:59:10.168568421',NULL,7,61),('2025-04-09T14:59:14.495723511',NULL,7,63),('2025-04-09T14:59:23.741080106',NULL,7,68),('2025-04-09T14:57:41.299809654',NULL,8,18),('2025-04-09T14:57:43.579387222',NULL,8,19),('2025-04-09T14:57:45.796564649',NULL,8,20),('2025-04-09T14:57:47.547198076',NULL,8,21),('2025-04-09T14:57:49.300705561',NULL,8,22),('2025-04-09T16:06:39.243612265',NULL,10,84),('2025-04-09T20:03:18.424275825',NULL,10,95),('2025-04-09T20:25:46.051248478',NULL,10,96),('2025-04-09T14:57:54.862065043',NULL,11,25),('2025-04-09T14:58:38.001372142',NULL,11,47),('2025-04-09T14:59:35.478779442',NULL,11,73),('2025-04-09T14:59:49.514693989',NULL,11,80),('2025-04-09T14:59:51.284232071',NULL,11,81),('2025-04-09T14:57:41.301028905',NULL,12,18),('2025-04-09T14:57:43.580495776',NULL,12,19),('2025-04-09T14:57:45.797637440',NULL,12,20),('2025-04-09T14:57:47.548486552',NULL,12,21),('2025-04-09T14:57:49.301922883',NULL,12,22),('2025-04-09T14:59:05.888970210',NULL,12,59),('2025-04-09T14:59:16.176831475',NULL,12,64),('2025-04-09T14:59:17.984598518',NULL,12,65),('2025-04-09T14:59:19.524855436',NULL,12,66),('2025-04-09T14:59:21.465423178',NULL,12,67),('2025-04-09T14:59:41.779544574',NULL,12,76),('2025-04-09T14:59:45.597697754',NULL,12,78),('2025-04-10T20:08:22.020263523',NULL,12,107),('2025-04-10T20:25:53.690673111',NULL,12,111),('2025-04-10T20:53:20.655724342',NULL,12,116),('2025-04-10T21:01:42.590476812',NULL,12,120),('2025-04-09T14:57:03.390016470',NULL,13,1),('2025-04-09T14:57:06.229870488',NULL,13,2),('2025-04-09T14:57:08.689166984',NULL,13,3),('2025-04-09T14:57:13.003259724',NULL,13,5),('2025-04-09T14:57:17.201866668',NULL,13,7),('2025-04-09T14:57:30.518904774',NULL,13,13),('2025-04-09T14:57:32.905736325',NULL,13,14),('2025-04-09T14:57:36.674952431',NULL,13,16),('2025-04-09T14:57:38.826994779',NULL,13,17),('2025-04-09T14:57:52.531255521',NULL,13,24),('2025-04-09T14:57:54.863332819',NULL,13,25),('2025-04-09T14:57:56.456370567',NULL,13,26),('2025-04-09T14:58:33.095235695',NULL,13,45),('2025-04-09T14:58:36.043075747',NULL,13,46),('2025-04-09T14:59:04.206564611',NULL,13,58),('2025-04-09T14:59:14.496643089',NULL,13,63),('2025-04-09T14:59:39.125011264',NULL,13,75),('2025-04-09T14:59:53.423120608',NULL,13,82),('2025-04-09T14:59:55.900535901',NULL,13,83),('2025-04-09T17:41:25.760191364',NULL,13,85),('2025-04-10T20:08:22.021648665',NULL,16,107),('2025-04-10T20:25:53.691469745',NULL,16,111),('2025-04-10T20:52:21.304944145',NULL,16,113),('2025-04-10T20:58:18.882667238',NULL,16,118),('2025-04-11T10:16:32.342560240',NULL,16,123),('2025-04-09T14:57:41.302270382',NULL,17,18),('2025-04-09T14:57:43.581633361',NULL,17,19),('2025-04-09T14:57:45.798688243',NULL,17,20),('2025-04-09T14:58:26.802507058',NULL,17,42),('2025-04-10T20:08:22.022963937',NULL,17,107),('2025-04-10T20:25:53.692230050',NULL,17,111),('2025-04-10T20:52:23.586582479',NULL,17,114),('2025-04-09T14:57:13.004483059',NULL,18,5),('2025-04-09T14:57:17.203103170',NULL,18,7),('2025-04-09T14:57:19.093615889',NULL,18,8),('2025-04-09T14:57:28.311788466',NULL,18,12),('2025-04-09T14:57:30.520260070',NULL,18,13),('2025-04-09T14:57:54.864561860',NULL,18,25),('2025-04-09T14:58:01.437821479',NULL,18,28),('2025-04-09T14:58:26.803435472',NULL,18,42),('2025-04-09T14:58:47.564273559',NULL,18,51),('2025-04-09T14:58:50.097428867',NULL,18,52),('2025-04-09T14:59:14.497537326',NULL,18,63),('2025-04-09T14:59:23.742166824',NULL,18,68),('2025-04-10T21:01:42.591305613',NULL,18,120),('2025-04-09T14:57:38.828263973',NULL,19,17),('2025-04-09T14:57:50.922916031',NULL,19,23),('2025-04-09T14:58:03.270155442',NULL,19,29),('2025-04-09T14:58:04.857649820',NULL,19,30),('2025-04-09T14:58:06.833582853',NULL,19,31),('2025-04-09T14:58:10.517644951',NULL,19,33),('2025-04-09T14:58:12.114271917',NULL,19,34),('2025-04-09T14:58:13.840720675',NULL,19,35),('2025-04-09T14:58:17.316311843',NULL,19,37),('2025-04-09T14:58:18.957789955',NULL,19,38),('2025-04-09T14:58:20.830540391',NULL,19,39),('2025-04-09T14:59:05.892459759',NULL,19,59),('2025-04-09T14:59:19.525800786',NULL,19,66),('2025-04-09T14:59:21.466307260',NULL,19,67),('2025-04-09T14:59:35.479734118',NULL,19,73),('2025-04-09T17:41:25.761100784',NULL,19,85),('2025-04-10T20:08:22.024267269',NULL,19,107),('2025-04-10T20:25:53.692954578',NULL,19,111),('2025-04-10T20:53:22.831417906',NULL,19,117),('2025-04-10T21:01:42.592216852',NULL,19,120),('2025-04-09T14:57:36.676318900',NULL,20,16),('2025-04-09T14:57:47.549645221',NULL,20,21),('2025-04-09T14:57:49.303021818',NULL,20,22),('2025-04-09T14:57:56.457492045',NULL,20,26),('2025-04-09T14:58:36.044105888',NULL,20,46),('2025-04-09T14:58:59.340178358',NULL,20,56),('2025-04-09T14:59:10.169570944',NULL,20,61),('2025-04-09T14:59:12.383022500',NULL,20,62),('2025-04-09T14:59:39.126197015',NULL,20,75),('2025-04-09T14:59:41.780400381',NULL,20,76),('2025-04-09T14:59:53.424021622',NULL,20,82),('2025-04-10T20:08:22.025649312',NULL,20,107),('2025-04-10T20:25:53.693719033',NULL,20,111),('2025-04-10T20:53:20.656908110',NULL,20,116),('2025-04-10T21:01:42.593053153',NULL,20,120),('2025-04-11T10:16:32.343263981',NULL,20,123),('2025-04-09T14:57:15.181751350',NULL,21,6),('2025-04-09T14:57:34.777222949',NULL,21,15),('2025-04-09T14:57:58.006274722',NULL,21,27),('2025-04-09T14:58:38.002392944',NULL,21,47),('2025-04-09T14:59:43.489249418',NULL,21,77),('2025-04-09T14:59:45.598680925',NULL,21,78),('2025-04-09T14:59:49.515540558',NULL,21,80),('2025-04-09T14:59:51.285012241',NULL,21,81),('2025-04-10T20:38:45.188005170',NULL,21,112),('2025-04-09T14:57:21.359049697',NULL,22,9),('2025-04-09T14:57:23.466440460',NULL,22,10),('2025-04-09T14:57:26.142948339',NULL,22,11),('2025-04-09T14:58:42.570150624',NULL,22,49),('2025-04-09T14:58:45.219221540',NULL,22,50),('2025-04-09T14:59:08.144687999',NULL,22,60),('2025-04-09T14:59:25.822592951',NULL,22,69),('2025-04-09T14:59:29.186493364',NULL,22,70),('2025-04-09T14:59:41.781403733',NULL,23,76),('2025-04-09T14:59:45.599619637',NULL,24,78),('2025-04-09T14:59:45.600572332',NULL,25,78),('2025-04-09T14:59:39.127068629',NULL,26,75),('2025-04-09T14:59:43.490291928',NULL,26,77),('2025-04-09T14:59:47.863818130',NULL,26,79),('2025-04-09T14:59:55.901530514',NULL,26,83),('2025-04-10T10:19:20.619755692',NULL,26,99),('2025-04-10T17:36:12.402671535',NULL,26,103),('2025-04-10T20:08:22.027249122',NULL,26,107),('2025-04-10T20:25:53.694485490',NULL,26,111),('2025-04-10T20:52:21.306186638',NULL,26,113),('2025-04-10T20:52:25.662470033',NULL,26,115),('2025-04-10T20:58:18.883627930',NULL,26,118),('2025-04-10T20:58:21.129769345',NULL,26,119),('2025-04-10T21:01:42.589601343',NULL,26,120),('2025-04-10T21:09:11.460967263',NULL,26,121),('2025-04-11T10:16:32.341752535',NULL,26,123),('2025-04-10T17:36:12.403435',NULL,27,103),('2025-04-10T20:08:22.028765968',NULL,27,107),('2025-04-10T20:25:53.695256298',NULL,27,111),('2025-04-10T21:01:42.588704845',NULL,27,120),('2025-04-09T14:59:45.601505652',NULL,28,78),('2025-04-09T14:59:49.516452032',NULL,28,80),('2025-04-09T14:59:51.285819719',NULL,28,81),('2025-04-09T14:59:55.902494062',NULL,28,83),('2025-04-09T14:59:39.130561034',NULL,30,75),('2025-04-09T14:59:49.519742244',NULL,30,80),('2025-04-09T14:59:51.286666970',NULL,30,81),('2025-04-09T14:59:53.424965559',NULL,30,82),('2025-04-10T17:36:12.404184597',NULL,30,103),('2025-04-09T14:59:41.782243216',NULL,32,76),('2025-04-09T14:59:53.425937040',NULL,32,82),('2025-04-09T14:59:55.903482478',NULL,32,83),('2025-04-09T14:59:45.602369247',NULL,33,78),('2025-04-10T21:10:53.777288060',NULL,35,122),('2025-04-09T14:58:31.448699760',NULL,36,44),('2025-04-09T14:58:56.994557964',NULL,36,55),('2025-04-09T14:58:59.341285796',NULL,36,56),('2025-04-09T14:59:01.846106198',NULL,36,57),('2025-04-09T14:59:31.434911576',NULL,36,71),('2025-04-09T14:59:39.131590080',NULL,36,75),('2025-04-10T20:53:22.836304713',NULL,36,117),('2025-04-10T21:10:53.776545822',NULL,36,122),('2025-04-09T14:59:41.783060345',NULL,38,76),('2025-04-10T20:08:22.030023082',NULL,38,107),('2025-04-10T20:25:53.695961525',NULL,38,111),('2025-04-10T20:52:23.588930895',NULL,38,114),('2025-04-10T21:01:42.594944207',NULL,38,120),('2025-04-10T21:10:53.775777489',NULL,38,122),('2025-04-09T14:59:39.132677734',NULL,40,75),('2025-04-09T14:59:41.784179248',NULL,40,76),('2025-04-10T20:08:22.031323463',NULL,41,107),('2025-04-10T20:25:53.696703595',NULL,41,111),('2025-04-10T21:09:11.462931837',NULL,43,121),('2025-04-09T14:59:43.491329294',NULL,44,77),('2025-04-09T14:59:47.864863256',NULL,44,79),('2025-04-10T20:52:23.592608750',NULL,44,114),('2025-04-10T21:01:42.593969191',NULL,44,120),('2025-04-09T14:59:39.136673340',NULL,45,75),('2025-04-09T14:59:41.785081160',NULL,45,76),('2025-04-09T14:57:03.391777520',NULL,46,1),('2025-04-09T14:57:06.231274852',NULL,46,2),('2025-04-09T14:57:08.691280931',NULL,46,3),('2025-04-09T14:57:11.149695867',NULL,46,4),('2025-04-09T14:57:32.907061118',NULL,46,14),('2025-04-09T14:57:36.677580548',NULL,46,16),('2025-04-09T14:57:52.532342336',NULL,46,24),('2025-04-09T14:58:08.658721346',NULL,46,32),('2025-04-09T14:58:15.622294610',NULL,46,36),('2025-04-09T14:58:23.073360241',NULL,46,40),('2025-04-09T14:58:25.149449160',NULL,46,41),('2025-04-09T14:58:29.161678413',NULL,46,43),('2025-04-09T14:58:31.449613929',NULL,46,44),('2025-04-09T14:58:33.096316538',NULL,46,45),('2025-04-09T14:58:40.223780696',NULL,46,48),('2025-04-09T14:58:52.523246113',NULL,46,53),('2025-04-09T14:58:54.776305717',NULL,46,54),('2025-04-09T14:58:56.995460211',NULL,46,55),('2025-04-09T14:58:59.342492912',NULL,46,56),('2025-04-09T14:59:01.847027274',NULL,46,57),('2025-04-09T14:59:04.207680146',NULL,46,58),('2025-04-09T14:59:16.177789638',NULL,46,64),('2025-04-09T14:59:17.987458226',NULL,46,65),('2025-04-09T14:59:31.435881578',NULL,46,71),('2025-04-09T14:59:33.346443005',NULL,46,72),('2025-04-09T14:59:37.449884619',NULL,46,74),('2025-04-09T14:59:39.137704774',NULL,46,75),('2025-04-09T14:59:53.426870695',NULL,46,82),('2025-04-09T14:59:55.904296011',NULL,46,83),('2025-04-09T16:06:39.244454995',NULL,46,84),('2025-04-09T17:41:25.758717201',NULL,46,85),('2025-04-09T19:53:14.531506984',NULL,46,94),('2025-04-09T20:32:34.676522579',NULL,46,98);
/*!40000 ALTER TABLE `track_tag` ENABLE KEYS */;
UNLOCK TABLES;
/*!40103 SET TIME_ZONE=@OLD_TIME_ZONE */;

/*!40101 SET SQL_MODE=@OLD_SQL_MODE */;
/*!40014 SET FOREIGN_KEY_CHECKS=@OLD_FOREIGN_KEY_CHECKS */;
/*!40014 SET UNIQUE_CHECKS=@OLD_UNIQUE_CHECKS */;
/*!40101 SET CHARACTER_SET_CLIENT=@OLD_CHARACTER_SET_CLIENT */;
/*!40101 SET CHARACTER_SET_RESULTS=@OLD_CHARACTER_SET_RESULTS */;
/*!40101 SET COLLATION_CONNECTION=@OLD_COLLATION_CONNECTION */;
/*!40111 SET SQL_NOTES=@OLD_SQL_NOTES */;

-- Dump completed on 2025-04-11 11:41:19
